units,context,element,taxonid,symmetry,taxongroup,elementtype,variablename,ecologicalgroup,sites,samples
grains/tablet,NA,concentration,930,NA,Laboratory analyses,concentration,Lycopodium tablets,LABO,3,130
grains/tablet,NA,concentration,932,NA,Laboratory analyses,concentration,Lycopodium spike,LABO,1,80
ml,NA,volume,276,NA,Laboratory analyses,volume,Sample quantity,LABO,6,368
NISP,anachronic,pollen/spore,2644,NA,Unidentified palynomorphs,pollen/spore,Unknown (Tertiary),ANAC,4,137
NISP,anachronic,spore,544,NA,Unidentified palynomorphs,spore,Unknown (Cretaceous),ANAC,1,6
NISP,anachronic,spore,2644,NA,Unidentified palynomorphs,spore,Unknown (Tertiary),ANAC,2,16
NISP,NA,ascospore,1489,NA,Fungi,ascospore,Sporormiella,FUNG,1,27
NISP,NA,ascospore,2193,NA,Fungi,ascospore,Gelasinospora,FUNG,6,19
NISP,NA,ascospore,3698,NA,Fungi,ascospore,Microthyrium,FUNG,30,223
NISP,NA,ascospore,5128,NA,Fungi,ascospore,Gelasinospora undiff.,FUNG,1,1
NISP,NA,ascospore,5129,NA,Fungi,ascospore,Gelasinospora reticulispora,FUNG,1,5
NISP,NA,ascospore,5407,NA,Fungi,ascospore,Helicoma,FUNG,3,17
NISP,NA,ascospore,5413,NA,Fungi,ascospore,Anthostomella fuegiana,FUNG,1,1
NISP,NA,ascospore,5414,NA,Fungi,ascospore,Gaeumannomyces cf. G. caricis,FUNG,6,131
NISP,NA,ascospore,5415,NA,Fungi,ascospore,Diporotheca,FUNG,6,50
NISP,NA,ascospore,5584,NA,Fungi,ascospore,Helicoön pluriseptatum,FUNG,5,155
NISP,NA,ascospore,9988,NA,Fungi,ascospore,Gaeumannomyces,FUNG,4,55
NISP,NA,ascospore,10006,NA,Fungi,ascospore,Ascomycota,FUNG,4,53
NISP,NA,ascospore,27614,NA,Fungi,ascospore,Ustulina deusta,FUNG,4,83
NISP,NA,ascospore,29431,NA,Fungi,ascospore,Geoglossum sphagnophilum,FUNG,1,1
NISP,NA,ascospore,29637,NA,Fungi,ascospore,Ascospora,FUNG,1,7
NISP,NA,ascospore,30552,NA,Fungi,ascospore,Lasiosphaeria-type,FUNG,1,8
NISP,NA,ascospore,30600,NA,Fungi,ascospore,Coniochaeta xylariispora,FUNG,2,56
NISP,NA,ascospore,30758,NA,Fungi,ascospore,"Gelasinospora (type 1, HdV)",FUNG,1,13
NISP,NA,ascospore,30984,NA,Fungi,ascospore,Actinopeltis undiff.,FUNG,2,7
NISP,NA,ascospore,32493,NA,Fungi,ascospore,"Geoglossum sphagnophilum/Trichoglossum hirsutum (type 77A/77B, HdV)",FUNG,1,3
NISP,NA,ascospore,32539,NA,Fungi,ascospore,Chaetomium undiff.,FUNG,1,1
NISP,NA,ascospore,32597,NA,Fungi,ascospore,Coniochaeta cf. C. ligniaria,FUNG,1,90
NISP,NA,ascospore,32863,NA,Fungi,ascospore,Gaeumannomyces undiff.,FUNG,1,12
NISP,NA,ascospore,33090,NA,Fungi,ascospore,Lasiosphaeria cf. L. caudata,FUNG,1,63
NISP,NA,ascospore,33091,NA,Fungi,ascospore,Lasiosphaeria sp.,FUNG,1,2
NISP,NA,ascospore,33251,NA,Fungi,ascospore,Microthyrium microscopicum,FUNG,4,18
NISP,NA,ascospore,33252,NA,Fungi,ascospore,Microthyrium undiff.,FUNG,2,32
NISP,NA,ascospore,33524,NA,Fungi,ascospore,Pleospora undiff.,FUNG,1,42
NISP,NA,ascospore,34608,NA,Fungi,ascospore,"Fungi (type 19, HdV)",FUNG,2,4
NISP,NA,ascospore,34626,NA,Fungi,ascospore,"Fungi (type 47, HdV)",FUNG,1,1
NISP,NA,ascospore,34636,NA,Fungi,ascospore,"cf. Trichoglossum hirsutum (type 77B, HdV)",FUNG,1,98
NISP,NA,ascospore,37395,NA,Fungi,ascospore,"Cercophora sp. (type 112, HdV)",FUNG,1,12
NISP,NA,ascospore,37396,NA,Fungi,ascospore,"Podospora-type (type 368, HdV)",FUNG,1,1
NISP,NA,ascospore,37397,NA,Fungi,ascospore,"Chaetomium sp. (type 7A, HdV)",FUNG,1,7
NISP,NA,ascospore,38489,NA,Fungi,ascospore,Tetraploa scheueri,FUNG,1,2
NISP,NA,ascospore,41786,NA,Fungi,ascospore,"Caryospora sp. (type 1001, HdV)",FUNG,1,1
NISP,NA,ascospore,41792,NA,Fungi,ascospore,"Gelasinospora (type 1A, HdV)",FUNG,1,5
NISP,NA,ascospore,41793,NA,Fungi,ascospore,"Gelasinospora (type 1B, HdV)",FUNG,1,1
NISP,NA,cell,5126,NA,Algae,cell,Staurastrum,ALGA,6,38
NISP,NA,cell,5409,NA,Algae,cell,Arthrodesmus,ALGA,1,4
NISP,NA,cell,5412,NA,Algae,cell,Penium,ALGA,1,2
NISP,NA,cell,5422,NA,Algae,cell,Closterium,ALGA,2,3
NISP,NA,cell,5423,NA,Algae,cell,Closterium undiff.,ALGA,1,2
NISP,NA,cell,21590,NA,Algae,cell,Desmidiales,ALGA,1,1
NISP,NA,cell cluster,30735,NA,Fungi,cell cluster,"Fungi (type 200, HdV)",FUNG,1,21
NISP,NA,cell cluster,34624,NA,Fungi,cell cluster,"Fungi (type 24, HdV)",FUNG,1,52
NISP,NA,cell cluster,35283,NA,Fungi,cell cluster,Asterosporium,FUNG,1,1
NISP,NA,chlamydospore,34404,NA,Fungi,chlamydospore,"Fungi (type 11, HdV)",FUNG,1,3
NISP,NA,claw,14069,NA,Arthropods undiff.,claw,Araneae,ARTH,1,1
NISP,NA,coccon,34569,NA,Flatworms,coccon,"Platyhelminthes (type 353B, HdV)",FLWO,1,60
NISP,NA,coccon,34625,NA,Flatworms,coccon,"Platyhelminthes (type 353A, HdV)",FLWO,1,23
NISP,NA,colony,202,NA,Algae,colony,Pediastrum,ALGA,9,58
NISP,NA,colony,326,NA,Algae,colony,Botryococcus,ALGA,22,475
NISP,NA,colony,685,NA,Algae,colony,Pediastrum angulosum,ALGA,5,36
NISP,NA,colony,689,NA,Algae,colony,Pediastrum braunii,ALGA,1,4
NISP,NA,colony,690,NA,Algae,colony,Pediastrum duplex,ALGA,10,165
NISP,NA,colony,1212,NA,Algae,colony,Pediastrum undiff.,ALGA,3,41
NISP,NA,colony,2818,NA,Algae,colony,Botryococcus braunii,ALGA,11,148
NISP,NA,colony,5041,NA,Algae,colony,Botryococcus pila,ALGA,3,18
NISP,NA,colony,5045,NA,Algae,colony,Pediastrum duplex var. rugulosum,ALGA,8,211
NISP,NA,colony,5047,NA,Algae,colony,Pediastrum angulosum var. asperum,ALGA,2,2
NISP,NA,colony,5059,NA,Algae,colony,Pediastrum muticum var. scutum,ALGA,2,4
NISP,NA,colony,5060,NA,Algae,colony,Pediastrum angulosum var. angulosum,ALGA,3,69
NISP,NA,colony,5061,NA,Algae,colony,Pediastrum duplex var. duplex,ALGA,1,1
NISP,NA,colony,5137,NA,Algae,colony,Coelastrum reticulatum,ALGA,1,1
NISP,NA,colony,21584,NA,Algae,colony,Hydrodictyon,ALGA,1,1
NISP,NA,colony,31324,NA,Algae,colony,Botryococcus sp.,ALGA,3,21
NISP,NA,colony,31325,NA,Algae,colony,Botryococcus neglectus,ALGA,3,7
NISP,NA,colony,32495,NA,Algae,colony,Pediastrum orientale,ALGA,1,37
NISP,NA,colony,33383,NA,Algae,colony,Pseudopediastrum boryanum,ALGA,13,208
NISP,NA,colony,33384,NA,Algae,colony,Pseudopediastrum kawraiskyi,ALGA,6,36
NISP,NA,colony,33386,NA,Algae,colony,Parapediastrum biradiatum,ALGA,1,1
NISP,NA,colony,33387,NA,Algae,colony,Pseudopediastrum boryanum var. longicorne,ALGA,9,253
NISP,NA,colony,33391,NA,Algae,colony,Pseudopediastrum boryanum var. boryanum,ALGA,5,58
NISP,NA,colony,33392,NA,Algae,colony,Pseudopediastrum boryanum var. boryanum sensu lato,ALGA,5,211
NISP,NA,colony,33393,NA,Algae,colony,Pseudopediastrum brevicorne,ALGA,3,6
NISP,NA,colony,33394,NA,Algae,colony,Pseudopediastrum integrum,ALGA,11,297
NISP,NA,colony,33395,NA,Algae,colony,Pseudopediastrum boryanum var. cornutum,ALGA,8,150
NISP,NA,colony,33398,NA,Algae,colony,Monactinus simplex,ALGA,4,29
NISP,NA,colony,33400,NA,Algae,colony,Stauridium tetras,ALGA,2,14
NISP,NA,colony,33421,NA,Algae,colony,Monactinus simplex var. echinulatum,ALGA,2,32
NISP,NA,colony,33423,NA,Algae,colony,Monactinus simplex var. simplex,ALGA,2,47
NISP,NA,conidiophore,41701,NA,Fungi,conidiophore,"Fungi (type 96B, HdV)",FUNG,1,30
NISP,NA,conidium,32487,NA,Fungi,conidium,"Trichocladium opacum (type 10, HdV)",FUNG,2,14
NISP,NA,conidium,34381,NA,Fungi,conidium,"Xylomyces chlamydosporis/X. aquaticus (type 201, HdV)",FUNG,3,17
NISP,NA,conidium,34635,NA,Fungi,conidium,"cf. Trichocladium opacum (type 10, HdV)",FUNG,1,49
NISP,NA,cyst,628,NA,Dinoflagellates,cyst,Dinoflagellata undiff.,DINO,1,9
NISP,NA,cyst,778,NA,Dinoflagellates,cyst,Dinoflagellata,DINO,3,34
NISP,NA,egg,33211,NA,Animals undiff.,egg,Macrobiotus,ANIM,1,2
NISP,NA,egg,33213,NA,Animals undiff.,egg,Macrobiotus cf. M. echinogenitus,ANIM,1,2
NISP,NA,egg,41789,NA,Arthropods undiff.,egg,"Acrotritia ardua (type 106, HdV)",ACAR,1,1
NISP,NA,filament/cell,34924,NA,Algae,filament/cell,"Mougeotia cf. M. gracillima (type 61, HdV)",ALGA,1,4
NISP,NA,fragment,1062,NA,Charcoal,fragment,Charcoal,CHAR,2,140
NISP,NA,fruit body,34565,NA,Fungi,fruit body,"Fungi (type 8A, HdV)",FUNG,2,32
NISP,NA,fruit body,39286,NA,Fungi,fruit body,"?Microthyrium (type 8, HdV)",FUNG,1,15
NISP,NA,fruit body/ascospore,34320,NA,Fungi,fruit body/ascospore,"Fungi (type 8E, HdV)",FUNG,1,4
NISP,NA,fruit body/ascospore,34565,NA,Fungi,fruit body/ascospore,"Fungi (type 8A, HdV)",FUNG,1,14
NISP,NA,fruit body/ascospore,34566,NA,Fungi,fruit body/ascospore,"Fungi (type 8D, HdV)",FUNG,1,21
NISP,NA,head capsule,41781,NA,Insects,head capsule,"Glyptotendipes pallens group (type 509, HdV)",DIPT,1,2
NISP,NA,hyphae,37335,NA,Fungi,hyphae,"Fungi (type 408, HdV)",FUNG,1,4
NISP,NA,hyphae,41791,NA,Fungi,hyphae,"Fungi (type 54B, HdV)",FUNG,1,5
NISP,NA,invertebrate undiff.,38585,NA,Animals undiff.,invertebrate undiff.,"Tardigrada (type 902, HdV)",ANIM,1,1
NISP,NA,invertebrate undiff.,41704,NA,Arthropods undiff.,invertebrate undiff.,"Oribatida (type 396, HdV)",ACAR,1,2
NISP,NA,labium,18678,NA,Insects,labium,Chironomidae,DIPT,2,4
NISP,NA,leaf spine,894,NA,Vascular plants,leaf spine,Ceratophyllum,AQVP,5,128
NISP,NA,lorica,1198,NA,Rotifers,lorica,Habrotrocha angusticollis,ROTI,11,200
NISP,NA,lorica,5242,NA,Rotifers,lorica,Habrotrocha,ROTI,1,8
NISP,NA,lorica,30744,NA,Rotifers,lorica,"Habrotrocha angusticollis (type 37, HdV)",ROTI,1,34
NISP,NA,lorica,31741,NA,Rotifers,lorica,Filinia longiseta,ROTI,1,22
NISP,NA,lorica,33836,NA,Rotifers,lorica,Rotifera undiff.,ROTI,1,6
NISP,NA,mandible/claw,5417,NA,Crustaceans undiff.,mandible/claw,Cladocera,CLAD,1,5
NISP,NA,non-pollen palynomorph,38627,NA,Testate amoebae,non-pollen palynomorph,"Archerella flavum (type 31A, HdV)",TEAM,1,26
NISP,NA,oocyte,27726,NA,Flatworms,oocyte,Gyratrix hermaphroditus,FLWO,6,66
NISP,NA,oocyte,27732,NA,Flatworms,oocyte,Microdalyellia armigera,FLWO,6,140
NISP,NA,ovum,33206,NA,Animals undiff.,ovum,Tardigrada,ANIM,2,13
NISP,NA,ovum,33837,NA,Animals undiff.,ovum,Rotifera/Tardigrada,ANIM,1,1
NISP,NA,palynomorph,1198,NA,Rotifers,palynomorph,Habrotrocha angusticollis,ROTI,3,51
NISP,NA,palynomorph,1202,NA,Bryophytes,palynomorph,"Bryophyta (type 354, HdV)",UPBR,2,4
NISP,NA,palynomorph,1488,NA,Algae,palynomorph,Spirogyra,ALGA,6,72
NISP,NA,palynomorph,1704,NA,Algae,palynomorph,Zygnemataceae,ALGA,2,21
NISP,NA,palynomorph,1761,NA,Algae,palynomorph,Zygnemataceae undiff.,ALGA,1,40
NISP,NA,palynomorph,2054,NA,Algae,palynomorph,Algae,ALGA,7,18
NISP,NA,palynomorph,3091,NA,Algae,palynomorph,Zygnema,ALGA,3,20
NISP,NA,palynomorph,5123,NA,Algae,palynomorph,Mougeotia,ALGA,12,188
NISP,NA,palynomorph,5124,NA,Algae,palynomorph,Mougeotia undiff.,ALGA,2,2
NISP,NA,palynomorph,5137,NA,Algae,palynomorph,Coelastrum reticulatum,ALGA,4,49
NISP,NA,palynomorph,5138,NA,Algae,palynomorph,Scenedesmus,ALGA,11,225
NISP,NA,palynomorph,5139,NA,Algae,palynomorph,Scenedesmus undiff.,ALGA,2,7
NISP,NA,palynomorph,5140,NA,Algae,palynomorph,Tetraëdron minimum,ALGA,9,138
NISP,NA,palynomorph,5142,NA,Algae,palynomorph,Tetraëdron,ALGA,7,137
NISP,NA,palynomorph,5144,NA,Algae,palynomorph,Trochiscia undiff.,ALGA,1,5
NISP,NA,palynomorph,5387,NA,Algae,palynomorph,Desmidiaceae,ALGA,3,48
NISP,NA,palynomorph,5390,NA,Algae,palynomorph,Spirogyra-type,ALGA,3,5
NISP,NA,palynomorph,5391,NA,Algae,palynomorph,Zygnema-type,ALGA,5,25
NISP,NA,palynomorph,5411,NA,Algae,palynomorph,cf. Penium,ALGA,1,2
NISP,NA,palynomorph,5418,NA,Flatworms,palynomorph,Rhabdocoela,FLWO,3,71
NISP,NA,palynomorph,5424,NA,Algae,palynomorph,Staurastrum undiff.,ALGA,1,1
NISP,NA,palynomorph,5551,NA,Algae,palynomorph,Mougeotia-type,ALGA,1,1
NISP,NA,palynomorph,5553,NA,Algae,palynomorph,Rivularia,ALGA,1,7
NISP,NA,palynomorph,27724,NA,Nematodes,palynomorph,Ascaris,NEMA,3,13
NISP,NA,palynomorph,29123,NA,Algae,palynomorph,Transeauina,ALGA,1,1
NISP,NA,palynomorph,29124,NA,Algae,palynomorph,Transeauina undiff.,ALGA,3,8
NISP,NA,palynomorph,30748,NA,Algae,palynomorph,"Algae? (type 225, HdV)",ALGA,1,1
NISP,NA,palynomorph,31202,NA,Nematodes,palynomorph,Ascaris lumbricoides,NEMA,1,2
NISP,NA,palynomorph,32028,NA,Unidentified palynomorphs,palynomorph,"Unknown (type 41, HdV)",UNID,2,17
NISP,NA,palynomorph,32548,NA,Algae,palynomorph,Chlamydomonadaceae,ALGA,1,2
NISP,NA,palynomorph,32851,NA,Unidentified palynomorphs,palynomorph,Fungi-type,UNID,1,8
NISP,NA,palynomorph,33034,NA,Algae,palynomorph,Chrysophyceae,ALGA,1,1
NISP,NA,palynomorph,34077,NA,Animals undiff.,palynomorph,Tardigrada undiff.,ANIM,1,3
NISP,NA,palynomorph,34130,NA,Nematodes,palynomorph,Trichuris trichiura,NEMA,2,6
NISP,NA,palynomorph,34236,NA,Animals undiff.,palynomorph,Vermes,ANIM,1,1
NISP,NA,palynomorph,34410,NA,Unidentified palynomorphs,palynomorph,"Unknown (type 224, HdV)",UNID,1,4
NISP,NA,palynomorph,34411,NA,Unidentified palynomorphs,palynomorph,"Unknown (type 366, HdV)",UNID,1,6
NISP,NA,palynomorph,34563,NA,Unidentified palynomorphs,palynomorph,"Unknown (type 33, HdV)",UNID,2,19
NISP,NA,palynomorph,34567,NA,Fungi,palynomorph,"Fungi (type 73, HdV)",FUNG,1,1
NISP,NA,palynomorph,34568,NA,Unidentified palynomorphs,palynomorph,"Unknown (type 91, HdV)",UNID,2,9
NISP,NA,palynomorph,34569,NA,Flatworms,palynomorph,"Platyhelminthes (type 353B, HdV)",FLWO,1,33
NISP,NA,palynomorph,34606,NA,Unidentified palynomorphs,palynomorph,"Unknown (type 38, HdV)",UNID,2,2
NISP,NA,palynomorph,34607,NA,Fungi,palynomorph,"Anthostomella cf. A. fuegiana (type 4, HdV)",FUNG,1,5
NISP,NA,palynomorph,34622,NA,Fungi,palynomorph,"cf. Persiciospora (type 124, HdV)",FUNG,1,1
NISP,NA,palynomorph,34629,NA,Fungi,palynomorph,"Fungi (type 64, HdV)",FUNG,1,52
NISP,NA,palynomorph,34630,NA,Unidentified palynomorphs,palynomorph,"Unknown (type 74, HdV)",UNID,1,2
NISP,NA,palynomorph,34632,NA,Unidentified palynomorphs,palynomorph,"Unknown (type 86, HdV)",UNID,2,2
NISP,NA,palynomorph,37350,NA,Algae,palynomorph,Sigmopollis,ALGA,1,2
NISP,NA,palynomorph,37368,NA,Unidentified palynomorphs,palynomorph,"Unknown (type 160, HdV)",UNID,1,5
NISP,NA,palynomorph,38547,NA,Flatworms,palynomorph,"Rhabdocoela (type 353, HdV)",FLWO,1,10
NISP,NA,peridinoid cyst,778,NA,Dinoflagellates,peridinoid cyst,Dinoflagellata,DINO,1,54
NISP,NA,pollen,1,NA,Vascular plants,pollen,Abies,TRSH,72,1822
NISP,NA,pollen,11,NA,Vascular plants,pollen,Aesculus,TRSH,2,3
NISP,NA,pollen,12,NA,Vascular plants,pollen,Allium,UPHE,3,46
NISP,NA,pollen,14,NA,Vascular plants,pollen,Alnus viridis-type,TRSH,1,5
NISP,NA,pollen,15,NA,Vascular plants,pollen,Alnus undiff.,TRSH,1,130
NISP,NA,pollen,16,NA,Vascular plants,pollen,Ambrosia-type,UPHE,5,26
NISP,NA,pollen,24,NA,Vascular plants,pollen,Armeria,UPHE,4,11
NISP,NA,pollen,25,NA,Vascular plants,pollen,Artemisia,UPHE,87,3419
NISP,NA,pollen,29,NA,Vascular plants,pollen,Betula,TRSH,83,3727
NISP,NA,pollen,31,NA,Vascular plants,pollen,Bidens-type,UPHE,3,3
NISP,NA,pollen,32,NA,Vascular plants,pollen,Boraginaceae,UPHE,12,37
NISP,NA,pollen,39,NA,Vascular plants,pollen,Callitriche,AQVP,2,11
NISP,NA,pollen,40,NA,Vascular plants,pollen,Caltha,AQVP,4,25
NISP,NA,pollen,44,NA,Vascular plants,pollen,Carya,TRSH,4,37
NISP,NA,pollen,45,NA,Vascular plants,pollen,Caryophyllaceae,UPHE,28,288
NISP,NA,pollen,47,NA,Vascular plants,pollen,Castanea,TRSH,4,18
NISP,NA,pollen,67,NA,Vascular plants,pollen,Corylus,TRSH,68,2273
NISP,NA,pollen,69,NA,Vascular plants,pollen,Crataegus-type,TRSH,2,7
NISP,NA,pollen,70,NA,Vascular plants,pollen,Brassicaceae undiff.,UPHE,1,22
NISP,NA,pollen,72,NA,Vascular plants,pollen,Cupressaceae,TRSH,2,11
NISP,NA,pollen,73,NA,Vascular plants,pollen,Cuscuta,UPHE,8,64
NISP,NA,pollen,74,NA,Vascular plants,pollen,Cyperaceae,UPHE,84,3751
NISP,NA,pollen,81,NA,Vascular plants,pollen,Drosera,AQVP,15,20
NISP,NA,pollen,82,NA,Vascular plants,pollen,Dryas-type,UPHE,1,1
NISP,NA,pollen,86,NA,Vascular plants,pollen,Empetrum,TRSH,3,5
NISP,NA,pollen,90,NA,Vascular plants,pollen,Epilobium,UPHE,42,150
NISP,NA,pollen,92,NA,Vascular plants,pollen,Ericaceae,TRSH,21,202
NISP,NA,pollen,103,NA,Vascular plants,pollen,Euonymus,TRSH,12,28
NISP,NA,pollen,104,NA,Vascular plants,pollen,Euphorbia,UPHE,13,18
NISP,NA,pollen,106,NA,Vascular plants,pollen,Fagopyrum,UPHE,23,46
NISP,NA,pollen,107,NA,Vascular plants,pollen,Fagus,TRSH,75,2328
NISP,NA,pollen,116,NA,Vascular plants,pollen,Galium,UPHE,14,218
NISP,NA,pollen,119,NA,Vascular plants,pollen,Gentianaceae,UPHE,6,15
NISP,NA,pollen,120,NA,Vascular plants,pollen,Geranium,UPHE,32,79
NISP,NA,pollen,121,NA,Vascular plants,pollen,Geum-type,UPHE,10,31
NISP,NA,pollen,129,NA,Vascular plants,pollen,Hippuris vulgaris,AQVP,2,3
NISP,NA,pollen,132,NA,Vascular plants,pollen,Hypericum,UPHE,27,143
NISP,NA,pollen,135,NA,Vascular plants,pollen,Ilex,TRSH,2,15
NISP,NA,pollen,136,NA,Vascular plants,pollen,Impatiens,UPHE,10,17
NISP,NA,pollen,153,NA,Vascular plants,pollen,Larix,TRSH,30,99
NISP,NA,pollen,155,NA,Vascular plants,pollen,Rhododendron subsect. Ledum,TRSH,3,12
NISP,NA,pollen,157,NA,Vascular plants,pollen,Fabaceae undiff.,UPHE,1,5
NISP,NA,pollen,159,NA,Vascular plants,pollen,Lemnoideae,AQVP,1,12
NISP,NA,pollen,160,NA,Vascular plants,pollen,Cichorioideae,UPHE,81,1869
NISP,NA,pollen,162,NA,Vascular plants,pollen,Liquidambar,TRSH,1,3
NISP,NA,pollen,164,NA,Vascular plants,pollen,Lonicera,TRSH,13,29
NISP,NA,pollen,176,NA,Vascular plants,pollen,Lycopus-type,UPHE,11,66
NISP,NA,pollen,180,NA,Vascular plants,pollen,Malvaceae,UPHE,6,14
NISP,NA,pollen,182,NA,Vascular plants,pollen,Menyanthes trifoliata,AQVP,33,264
NISP,NA,pollen,188,NA,Vascular plants,pollen,Myriophyllum,AQVP,2,2
NISP,NA,pollen,190,NA,Vascular plants,pollen,Nuphar,AQVP,15,110
NISP,NA,pollen,192,NA,Vascular plants,pollen,Nymphaea,AQVP,14,135
NISP,NA,pollen,193,NA,Vascular plants,pollen,Nyssa,TRSH,2,15
NISP,NA,pollen,200,NA,Vascular plants,pollen,Parnassia,UPHE,4,11
NISP,NA,pollen,210,NA,Vascular plants,pollen,Picea,TRSH,74,2576
NISP,NA,pollen,212,NA,Vascular plants,pollen,Pinus subg. Pinus,TRSH,3,210
NISP,NA,pollen,219,NA,Vascular plants,pollen,Plantago major,UPHE,20,203
NISP,NA,pollen,220,NA,Vascular plants,pollen,Plantago lanceolata,UPHE,68,1352
NISP,NA,pollen,221,NA,Vascular plants,pollen,Plantago media,UPHE,17,330
NISP,NA,pollen,222,NA,Vascular plants,pollen,Platanus,TRSH,1,1
NISP,NA,pollen,225,NA,Vascular plants,pollen,Polygonaceae undiff.,UPHE,1,2
NISP,NA,pollen,230,NA,Vascular plants,pollen,Persicaria amphibia,UPHE,8,11
NISP,NA,pollen,231,NA,Vascular plants,pollen,Polygonum aviculare-type,UPHE,8,57
NISP,NA,pollen,242,NA,Vascular plants,pollen,Potentilla-type,UPHE,27,496
NISP,NA,pollen,244,NA,Vascular plants,pollen,Primulaceae,UPHE,2,3
NISP,NA,pollen,245,NA,Vascular plants,pollen,Prunus-type,TRSH,13,52
NISP,NA,pollen,251,NA,Vascular plants,pollen,Quercus,TRSH,85,3128
NISP,NA,pollen,252,NA,Vascular plants,pollen,Ranunculaceae undiff.,UPHE,4,129
NISP,NA,pollen,256,NA,Vascular plants,pollen,Rhamnaceae,TRSH,1,1
NISP,NA,pollen,259,NA,Vascular plants,pollen,Rhododendron,TRSH,1,1
NISP,NA,pollen,262,NA,Vascular plants,pollen,Ribes,TRSH,16,57
NISP,NA,pollen,267,NA,Vascular plants,pollen,Rubus,TRSH,12,37
NISP,NA,pollen,268,NA,Vascular plants,pollen,Rumex,UPHE,36,610
NISP,NA,pollen,270,NA,Vascular plants,pollen,Sagittaria,AQVP,4,5
NISP,NA,pollen,271,NA,Vascular plants,pollen,Salix,TRSH,86,2878
NISP,NA,pollen,275,NA,Vascular plants,pollen,Sambucus,TRSH,13,31
NISP,NA,pollen,282,NA,Vascular plants,pollen,Saxifragaceae,UPHE,13,42
NISP,NA,pollen,283,NA,Vascular plants,pollen,Scheuchzeria palustris,AQVP,6,30
NISP,NA,pollen,284,NA,Vascular plants,pollen,Scrophulariaceae,UPHE,14,40
NISP,NA,pollen,285,NA,Vascular plants,pollen,Sedum,UPHE,13,43
NISP,NA,pollen,293,NA,Vascular plants,pollen,Sparganium-type,AQVP,8,181
NISP,NA,pollen,297,NA,Vascular plants,pollen,Symplocos,TRSH,1,1
NISP,NA,pollen,299,NA,Vascular plants,pollen,Taxus,TRSH,1,2
NISP,NA,pollen,300,NA,Vascular plants,pollen,Thalictrum,UPHE,75,1446
NISP,NA,pollen,302,NA,Vascular plants,pollen,Tilia,TRSH,79,2445
NISP,NA,pollen,306,NA,Vascular plants,pollen,Tsuga,TRSH,4,21
NISP,NA,pollen,307,NA,Vascular plants,pollen,Asteroideae undiff.,UPHE,2,43
NISP,NA,pollen,309,NA,Vascular plants,pollen,Typha latifolia,AQVP,41,378
NISP,NA,pollen,310,NA,Vascular plants,pollen,Ulmus,TRSH,85,2862
NISP,NA,pollen,311,NA,Vascular plants,pollen,Apiaceae,UPHE,70,1767
NISP,NA,pollen,316,NA,Vascular plants,pollen,Utricularia,AQVP,17,65
NISP,NA,pollen,317,NA,Vascular plants,pollen,Vaccinium,TRSH,22,304
NISP,NA,pollen,318,NA,Vascular plants,pollen,Valeriana,UPHE,30,170
NISP,NA,pollen,319,NA,Vascular plants,pollen,Viburnum undiff.,TRSH,1,2
NISP,NA,pollen,320,NA,Vascular plants,pollen,Vitis,TRSH,9,13
NISP,NA,pollen,322,NA,Vascular plants,pollen,Xanthium,UPHE,3,10
NISP,NA,pollen,323,NA,Vascular plants,pollen,Zea mays,UPHE,5,7
NISP,NA,pollen,330,NA,Vascular plants,pollen,Alnus,TRSH,79,3219
NISP,NA,pollen,332,NA,Vascular plants,pollen,Viola,UPHE,13,27
NISP,NA,pollen,336,NA,Vascular plants,pollen,Lythrum,UPHE,19,87
NISP,NA,pollen,338,NA,Vascular plants,pollen,Acer,TRSH,78,1157
NISP,NA,pollen,341,NA,Vascular plants,pollen,Liliaceae,UPHE,25,85
NISP,NA,pollen,345,NA,Vascular plants,pollen,Ambrosia,UPHE,5,6
NISP,NA,pollen,346,NA,Vascular plants,pollen,Fabaceae,UPHE,51,350
NISP,NA,pollen,349,NA,Vascular plants,pollen,Bidens,UPHE,12,83
NISP,NA,pollen,350,NA,Vascular plants,pollen,Ranunculaceae,UPHE,57,1409
NISP,NA,pollen,351,NA,Vascular plants,pollen,Campanulaceae,UPHE,5,10
NISP,NA,pollen,353,NA,Vascular plants,pollen,Alnus viridis,TRSH,8,190
NISP,NA,pollen,355,NA,Vascular plants,pollen,Rosaceae undiff.,UPHE,3,45
NISP,NA,pollen,361,NA,Vascular plants,pollen,Cornus,TRSH,8,9
NISP,NA,pollen,363,NA,Vascular plants,pollen,Juniperus-type,TRSH,1,12
NISP,NA,pollen,366,NA,Vascular plants,pollen,Ephedra,TRSH,6,21
NISP,NA,pollen,369,NA,Vascular plants,pollen,Fraxinus,TRSH,68,1293
NISP,NA,pollen,372,NA,Vascular plants,pollen,Juglans,TRSH,57,194
NISP,NA,pollen,373,NA,Vascular plants,pollen,Larix/Pseudotsuga,TRSH,1,1
NISP,NA,pollen,379,NA,Vascular plants,pollen,Myrica-type,TRSH,1,6
NISP,NA,pollen,384,NA,Vascular plants,pollen,Ostrya-type,TRSH,1,1
NISP,NA,pollen,385,NA,Vascular plants,pollen,Pinus,TRSH,77,3518
NISP,NA,pollen,389,NA,Vascular plants,pollen,Populus,TRSH,44,473
NISP,NA,pollen,391,NA,Vascular plants,pollen,Amaranthaceae,UPHE,85,1977
NISP,NA,pollen,397,NA,Vascular plants,pollen,Viburnum,TRSH,10,27
NISP,NA,pollen,409,NA,Vascular plants,pollen,Asteraceae,UPHE,13,134
NISP,NA,pollen,414,NA,Vascular plants,pollen,Avena-type,UPHE,23,325
NISP,NA,pollen,416,NA,Vascular plants,pollen,Poaceae (Cerealia),UPHE,14,129
NISP,NA,pollen,417,NA,Vascular plants,pollen,Poaceae,UPHE,86,3892
NISP,NA,pollen,418,NA,Vascular plants,pollen,Asteroideae,UPHE,65,1119
NISP,NA,pollen,419,NA,Vascular plants,pollen,Brassica,UPHE,1,30
NISP,NA,pollen,420,NA,Vascular plants,pollen,Brassicaceae,UPHE,65,1163
NISP,NA,pollen,425,NA,Vascular plants,pollen,Humulus,UPHE,7,16
NISP,NA,pollen,426,NA,Vascular plants,pollen,Cannabis sativa,UPHE,7,95
NISP,NA,pollen,427,NA,Vascular plants,pollen,Poaceae (Cerealia) undiff.,UPHE,20,239
NISP,NA,pollen,445,NA,Vascular plants,pollen,Onagraceae,UPHE,1,1
NISP,NA,pollen,448,NA,Vascular plants,pollen,Gentiana,UPHE,10,39
NISP,NA,pollen,460,NA,Vascular plants,pollen,Lamiaceae,UPHE,40,422
NISP,NA,pollen,468,NA,Vascular plants,pollen,Lysimachia thyrsiflora,UPHE,1,1
NISP,NA,pollen,470,NA,Vascular plants,pollen,Oenothera,UPHE,1,1
NISP,NA,pollen,473,NA,Vascular plants,pollen,Orchidaceae,UPHE,2,2
NISP,NA,pollen,476,NA,Vascular plants,pollen,Pedicularis,UPHE,19,30
NISP,NA,pollen,480,NA,Vascular plants,pollen,Plantago,UPHE,3,7
NISP,NA,pollen,483,NA,Vascular plants,pollen,Rosaceae,UPHE,65,787
NISP,NA,pollen,484,NA,Vascular plants,pollen,Primula,UPHE,4,11
NISP,NA,pollen,487,NA,Vascular plants,pollen,Saxifraga,UPHE,3,6
NISP,NA,pollen,488,NA,Vascular plants,pollen,Secale-type,UPHE,16,136
NISP,NA,pollen,491,NA,Vascular plants,pollen,Stachys-type,UPHE,4,10
NISP,NA,pollen,495,NA,Vascular plants,pollen,Trifolium pratense,UPHE,6,20
NISP,NA,pollen,496,NA,Vascular plants,pollen,Trifolium repens-type,UPHE,11,29
NISP,NA,pollen,497,NA,Vascular plants,pollen,Triticum-type,UPHE,27,225
NISP,NA,pollen,498,NA,Vascular plants,pollen,Urtica,UPHE,71,1140
NISP,NA,pollen,513,NA,Vascular plants,pollen,Alisma,AQVP,13,51
NISP,NA,pollen,514,NA,Vascular plants,pollen,Hydrocotyle,AQVP,1,1
NISP,NA,pollen,515,NA,Vascular plants,pollen,Lemna,AQVP,4,17
NISP,NA,pollen,517,NA,Vascular plants,pollen,Potamogeton,AQVP,36,460
NISP,NA,pollen,522,NA,Vascular plants,pollen,Engelhardia-type,TRSH,2,19
NISP,NA,pollen,539,NA,Vascular plants,pollen,Lysimachia,UPHE,30,152
NISP,NA,pollen,540,NA,Vascular plants,pollen,Polygonum,UPHE,1,1
NISP,NA,pollen,543,NA,Vascular plants,pollen,Solanaceae,UPHE,1,2
NISP,NA,pollen,545,NA,Vascular plants,pollen,Stellaria,UPHE,2,10
NISP,NA,pollen,549,NA,Vascular plants,pollen,Ranunculus,UPHE,1,24
NISP,NA,pollen,557,NA,Vascular plants,pollen,Allium-type,UPHE,4,6
NISP,NA,pollen,562,NA,Vascular plants,pollen,Andromeda,TRSH,1,1
NISP,NA,pollen,564,NA,Vascular plants,pollen,Andromeda polifolia,TRSH,1,3
NISP,NA,pollen,568,NA,Vascular plants,pollen,Arctostaphylos uva-ursi,TRSH,1,5
NISP,NA,pollen,582,NA,Vascular plants,pollen,Butomus umbellatus,AQVP,1,1
NISP,NA,pollen,585,NA,Vascular plants,pollen,Caltha-type,UPHE,45,365
NISP,NA,pollen,586,NA,Vascular plants,pollen,Campanula-type,UPHE,7,19
NISP,NA,pollen,592,NA,Vascular plants,pollen,Centaurea,UPHE,11,35
NISP,NA,pollen,612,NA,Vascular plants,pollen,Drosera rotundifolia-type,AQVP,1,4
NISP,NA,pollen,616,NA,Vascular plants,pollen,Elymus-type,UPHE,1,2
NISP,NA,pollen,636,NA,Vascular plants,pollen,Linum,UPHE,3,6
NISP,NA,pollen,654,NA,Vascular plants,pollen,Lycopus,UPHE,9,27
NISP,NA,pollen,655,NA,Vascular plants,pollen,Lythrum salicaria,UPHE,9,48
NISP,NA,pollen,656,NA,Vascular plants,pollen,Mentha-type,UPHE,24,253
NISP,NA,pollen,667,NA,Vascular plants,pollen,Myriophyllum alterniflorum,AQVP,17,87
NISP,NA,pollen,684,NA,Vascular plants,pollen,Papaveraceae,UPHE,10,26
NISP,NA,pollen,694,NA,Vascular plants,pollen,Euphorbiaceae,UPHE,1,3
NISP,NA,pollen,698,NA,Vascular plants,pollen,Plantaginaceae,UPHE,3,12
NISP,NA,pollen,699,NA,Vascular plants,pollen,Plantago lanceolata-type,UPHE,18,203
NISP,NA,pollen,702,NA,Vascular plants,pollen,Polygonaceae,UPHE,3,5
NISP,NA,pollen,703,NA,Vascular plants,pollen,Bistorta officinalis-type,UPHE,25,139
NISP,NA,pollen,714,NA,Vascular plants,pollen,Prunella-type,UPHE,1,1
NISP,NA,pollen,715,NA,Vascular plants,pollen,Prunus,TRSH,6,19
NISP,NA,pollen,721,NA,Vascular plants,pollen,Pyrola,UPHE,1,1
NISP,NA,pollen,733,NA,Vascular plants,pollen,Rubiaceae,TRSH,56,1248
NISP,NA,pollen,734,NA,Vascular plants,pollen,Rubus chamaemorus,TRSH,1,7
NISP,NA,pollen,735,NA,Vascular plants,pollen,Rumex-type,UPHE,2,3
NISP,NA,pollen,736,NA,Vascular plants,pollen,Rumex acetosa-type,UPHE,41,874
NISP,NA,pollen,739,NA,Vascular plants,pollen,Salix herbacea-type,TRSH,2,20
NISP,NA,pollen,747,NA,Vascular plants,pollen,Saxifraga oppositifolia-type,UPHE,4,11
NISP,NA,pollen,748,NA,Vascular plants,pollen,Micranthes stellaris-type,UPHE,5,14
NISP,NA,pollen,751,NA,Vascular plants,pollen,Typha,AQVP,1,2
NISP,NA,pollen,752,NA,Vascular plants,pollen,Typha angustifolia,AQVP,8,42
NISP,NA,pollen,762,NA,Vascular plants,pollen,Trifolium-type,UPHE,22,178
NISP,NA,pollen,767,NA,Vascular plants,pollen,Vaccinium oxycoccos,TRSH,5,37
NISP,NA,pollen,785,NA,Vascular plants,pollen,Rhamnus,TRSH,11,39
NISP,NA,pollen,794,NA,Vascular plants,pollen,Viburnum opulus,TRSH,5,29
NISP,NA,pollen,795,NA,Vascular plants,pollen,Viburnum opulus-type,TRSH,1,4
NISP,NA,pollen,797,NA,Vascular plants,pollen,Xanthium-type,UPHE,1,26
NISP,NA,pollen,798,NA,Vascular plants,pollen,Polemonium,UPHE,9,15
NISP,NA,pollen,806,NA,Vascular plants,pollen,Humulus/Cannabis,UPHE,32,497
NISP,NA,pollen,808,NA,Vascular plants,pollen,Vicia-type,UPHE,24,115
NISP,NA,pollen,810,NA,Vascular plants,pollen,Potamogeton-type,AQVP,12,163
NISP,NA,pollen,813,NA,Vascular plants,pollen,Campanula,UPHE,45,239
NISP,NA,pollen,815,NA,Vascular plants,pollen,Ranunculus-type,UPHE,31,417
NISP,NA,pollen,820,NA,Vascular plants,pollen,Achillea-type,UPHE,15,216
NISP,NA,pollen,821,NA,Vascular plants,pollen,Circaea,UPHE,9,13
NISP,NA,pollen,825,NA,Vascular plants,pollen,Potentilla,UPHE,9,132
NISP,NA,pollen,838,NA,Vascular plants,pollen,Plantago major-type,UPHE,13,119
NISP,NA,pollen,841,NA,Vascular plants,pollen,Stellaria-type,UPHE,2,4
NISP,NA,pollen,842,NA,Vascular plants,pollen,Ononis-type,UPHE,1,1
NISP,NA,pollen,843,NA,Vascular plants,pollen,Rosa,TRSH,6,24
NISP,NA,pollen,846,NA,Vascular plants,pollen,Melampyrum-type,UPHE,1,2
NISP,NA,pollen,848,NA,Vascular plants,pollen,Ericales,TRSH,3,207
NISP,NA,pollen,849,NA,Vascular plants,pollen,Ericales undiff.,TRSH,1,118
NISP,NA,pollen,858,NA,Vascular plants,pollen,Ligustrum,TRSH,5,27
NISP,NA,pollen,881,NA,Vascular plants,pollen,Hydrocotyle-type,AQVP,1,1
NISP,NA,pollen,884,NA,Vascular plants,pollen,Persicaria maculosa-type,UPHE,27,69
NISP,NA,pollen,886,NA,Vascular plants,pollen,Senecio,UPHE,1,1
NISP,NA,pollen,888,NA,Vascular plants,pollen,Persicaria amphibia-type,UPHE,2,5
NISP,NA,pollen,894,NA,Vascular plants,pollen,Ceratophyllum,AQVP,1,2
NISP,NA,pollen,904,NA,Vascular plants,pollen,Rumex undiff.,UPHE,4,35
NISP,NA,pollen,908,NA,Vascular plants,pollen,Sparganium,AQVP,12,111
NISP,NA,pollen,909,NA,Vascular plants,pollen,Ericaceae undiff.,TRSH,7,44
NISP,NA,pollen,912,NA,Vascular plants,pollen,Saxifragaceae undiff.,UPHE,1,3
NISP,NA,pollen,936,NA,Vascular plants,pollen,Oxalis,UPHE,9,13
NISP,NA,pollen,947,NA,Vascular plants,pollen,Polygonum aviculare,UPHE,56,402
NISP,NA,pollen,967,NA,Vascular plants,pollen,Secale,UPHE,35,467
NISP,NA,pollen,968,NA,Vascular plants,pollen,Triglochin,AQVP,3,12
NISP,NA,pollen,969,NA,Vascular plants,pollen,Triticum,UPHE,27,291
NISP,NA,pollen,983,NA,Vascular plants,pollen,Juniperus,TRSH,56,862
NISP,NA,pollen,988,NA,Vascular plants,pollen,Persicaria maculosa,UPHE,13,38
NISP,NA,pollen,989,NA,Vascular plants,pollen,cf. Pedicularis,UPHE,2,10
NISP,NA,pollen,994,NA,Vascular plants,pollen,Arenaria,UPHE,6,8
NISP,NA,pollen,996,NA,Vascular plants,pollen,Ranunculus acris-type,UPHE,20,445
NISP,NA,pollen,997,NA,Vascular plants,pollen,Melampyrum,UPHE,54,445
NISP,NA,pollen,999,NA,Vascular plants,pollen,Cerastium-type,UPHE,5,29
NISP,NA,pollen,1012,NA,Vascular plants,pollen,Bupleurum,UPHE,5,11
NISP,NA,pollen,1013,NA,Vascular plants,pollen,Caryophyllaceae undiff.,UPHE,1,30
NISP,NA,pollen,1024,NA,Vascular plants,pollen,Gentianella,UPHE,2,2
NISP,NA,pollen,1026,NA,Vascular plants,pollen,Empetrum-type,TRSH,6,50
NISP,NA,pollen,1050,NA,Vascular plants,pollen,Pinguicula,UPHE,3,4
NISP,NA,pollen,1069,NA,Vascular plants,pollen,Papaver,UPHE,6,14
NISP,NA,pollen,1072,NA,Vascular plants,pollen,Polygala,UPHE,6,7
NISP,NA,pollen,1073,NA,Vascular plants,pollen,Jasione,UPHE,5,8
NISP,NA,pollen,1078,NA,Vascular plants,pollen,Trifolium,UPHE,6,13
NISP,NA,pollen,1081,NA,Vascular plants,pollen,Plantaginaceae undiff.,UPHE,1,27
NISP,NA,pollen,1086,NA,Vascular plants,pollen,Cardamine-type,UPHE,19,151
NISP,NA,pollen,1087,NA,Vascular plants,pollen,Rumex obtusifolius-type,UPHE,4,12
NISP,NA,pollen,1094,NA,Vascular plants,pollen,Convolvulus-type,UPHE,1,1
NISP,NA,pollen,1121,NA,Vascular plants,pollen,Typha angustifolia-type,AQVP,1,2
NISP,NA,pollen,1142,NA,Vascular plants,pollen,Anemone,UPHE,1,2
NISP,NA,pollen,1143,NA,Vascular plants,pollen,Aconitum,UPHE,11,76
NISP,NA,pollen,1161,NA,Vascular plants,pollen,Anemone-type,UPHE,19,89
NISP,NA,pollen,1163,NA,Vascular plants,pollen,Astragalus-type,UPHE,6,15
NISP,NA,pollen,1166,NA,Vascular plants,pollen,Hedysarum-type,UPHE,1,2
NISP,NA,pollen,1172,NA,Vascular plants,pollen,Apiaceae undiff.,UPHE,15,331
NISP,NA,pollen,1173,NA,Vascular plants,pollen,Vaccinium-type,TRSH,37,362
NISP,NA,pollen,1178,NA,Vascular plants,pollen,Geraniaceae,UPHE,1,2
NISP,NA,pollen,1184,NA,Vascular plants,pollen,Bistorta officinalis,UPHE,23,121
NISP,NA,pollen,1211,NA,Vascular plants,pollen,Myriophyllum undiff.,AQVP,2,2
NISP,NA,pollen,1222,NA,Vascular plants,pollen,Saxifraga undiff.,UPHE,2,2
NISP,NA,pollen,1253,NA,Vascular plants,pollen,Cirsium,UPHE,12,52
NISP,NA,pollen,1260,NA,Vascular plants,pollen,Helianthemum,UPHE,42,308
NISP,NA,pollen,1262,NA,Vascular plants,pollen,Solanum,UPHE,1,1
NISP,NA,pollen,1266,NA,Vascular plants,pollen,Euphorbia-type,UPHE,1,5
NISP,NA,pollen,1267,NA,Vascular plants,pollen,Bupleurum-type,UPHE,5,8
NISP,NA,pollen,1268,NA,Vascular plants,pollen,Typha latifolia-type,AQVP,13,254
NISP,NA,pollen,1287,NA,Vascular plants,pollen,Pinus sylvestris,TRSH,3,99
NISP,NA,pollen,1288,NA,Vascular plants,pollen,Picea abies,TRSH,23,1005
NISP,NA,pollen,1297,NA,Vascular plants,pollen,Carex,UPHE,1,7
NISP,NA,pollen,1299,NA,Vascular plants,pollen,Alnus glutinosa,TRSH,1,20
NISP,NA,pollen,1301,NA,Vascular plants,pollen,Sanguisorba officinalis,UPHE,50,183
NISP,NA,pollen,1306,NA,Vascular plants,pollen,Hippophaë rhamnoides,TRSH,10,43
NISP,NA,pollen,1308,NA,Vascular plants,pollen,Echinops,UPHE,1,2
NISP,NA,pollen,1310,NA,Vascular plants,pollen,Myriophyllum spicatum,AQVP,24,225
NISP,NA,pollen,1311,NA,Vascular plants,pollen,Myriophyllum verticillatum,AQVP,16,126
NISP,NA,pollen,1315,NA,Vascular plants,pollen,Sorbus aucuparia,TRSH,2,7
NISP,NA,pollen,1316,NA,Vascular plants,pollen,Corylus avellana,TRSH,26,1107
NISP,NA,pollen,1319,NA,Vascular plants,pollen,Carpinus betulus,TRSH,26,620
NISP,NA,pollen,1320,NA,Vascular plants,pollen,Fagus sylvatica,TRSH,11,438
NISP,NA,pollen,1321,NA,Vascular plants,pollen,Vitis vinifera,TRSH,2,3
NISP,NA,pollen,1324,NA,Vascular plants,pollen,Fagopyrum esculentum,UPHE,1,3
NISP,NA,pollen,1325,NA,Vascular plants,pollen,Scabiosa,UPHE,9,12
NISP,NA,pollen,1326,NA,Vascular plants,pollen,Knautia arvensis,UPHE,2,5
NISP,NA,pollen,1334,NA,Vascular plants,pollen,Viscum,TRSH,47,164
NISP,NA,pollen,1335,NA,Vascular plants,pollen,Humulus lupulus,UPHE,5,80
NISP,NA,pollen,1336,NA,Vascular plants,pollen,Centaurea cyanus,UPHE,62,432
NISP,NA,pollen,1339,NA,Vascular plants,pollen,Salvia,UPHE,1,1
NISP,NA,pollen,1340,NA,Vascular plants,pollen,Dipsacoideae,UPHE,3,4
NISP,NA,pollen,1341,NA,Vascular plants,pollen,Dipsacus,UPHE,3,5
NISP,NA,pollen,1392,NA,Vascular plants,pollen,Centaurea undiff.,UPHE,7,13
NISP,NA,pollen,1403,NA,Vascular plants,pollen,Hystrix,UPHE,2,9
NISP,NA,pollen,1416,NA,Vascular plants,pollen,Galium-type,UPHE,31,572
NISP,NA,pollen,1428,NA,Vascular plants,pollen,Filipendula,UPHE,81,2359
NISP,NA,pollen,1429,NA,Vascular plants,pollen,Carpinus,TRSH,65,1148
NISP,NA,pollen,1430,NA,Vascular plants,pollen,Crataegus,TRSH,1,1
NISP,NA,pollen,1434,NA,Vascular plants,pollen,Tofieldia,UPHE,1,1
NISP,NA,pollen,1435,NA,Vascular plants,pollen,Sorbus,TRSH,24,81
NISP,NA,pollen,1501,NA,Vascular plants,pollen,Convolvulus,UPHE,7,22
NISP,NA,pollen,1505,NA,Vascular plants,pollen,Carpinus-type,TRSH,1,130
NISP,NA,pollen,1514,NA,Vascular plants,pollen,Persicaria cf. P. lapathifolia,UPHE,1,1
NISP,NA,pollen,1517,NA,Vascular plants,pollen,Calystegia,UPHE,7,14
NISP,NA,pollen,1530,NA,Vascular plants,pollen,Cerastium,UPHE,3,12
NISP,NA,pollen,1532,NA,Vascular plants,pollen,Rumex acetosella-type,UPHE,9,172
NISP,NA,pollen,1576,NA,Vascular plants,pollen,Impatiens noli-tangere,UPHE,1,5
NISP,NA,pollen,1580,NA,Vascular plants,pollen,Acacia,TRSH,1,1
NISP,NA,pollen,1710,NA,Vascular plants,pollen,Juglandaceae,TRSH,2,13
NISP,NA,pollen,1751,NA,Vascular plants,pollen,Thalictrum-type,UPHE,3,4
NISP,NA,pollen,1764,NA,Vascular plants,pollen,Apium,UPHE,1,1
NISP,NA,pollen,1779,NA,Vascular plants,pollen,Eryngium-type,UPHE,1,1
NISP,NA,pollen,1876,NA,Vascular plants,pollen,Vicia/Lathyrus,UPHE,1,11
NISP,NA,pollen,1915,NA,Vascular plants,pollen,Senecio-type,UPHE,12,38
NISP,NA,pollen,1931,NA,Vascular plants,pollen,Liliaceae-type,UPHE,2,4
NISP,NA,pollen,1932,NA,Vascular plants,pollen,Iris,UPHE,2,3
NISP,NA,pollen,1947,NA,Vascular plants,pollen,Poaceae (Cerealia-type),UPHE,16,148
NISP,NA,pollen,2127,NA,Vascular plants,pollen,Lathyrus-type,UPHE,11,14
NISP,NA,pollen,2129,NA,Vascular plants,pollen,Lotus-type,UPHE,32,162
NISP,NA,pollen,2131,NA,Vascular plants,pollen,Monocotyledoneae,SEED,8,41
NISP,NA,pollen,2160,NA,Vascular plants,pollen,Geum,UPHE,11,23
NISP,NA,pollen,2196,NA,Vascular plants,pollen,Epilobium-type,UPHE,3,9
NISP,NA,pollen,2210,NA,Vascular plants,pollen,Viburnum cf. V. opulus,TRSH,1,1
NISP,NA,pollen,2224,NA,Vascular plants,pollen,Myriophyllum verticillatum-type,AQVP,6,112
NISP,NA,pollen,2228,NA,Vascular plants,pollen,Trientalis,UPHE,1,1
NISP,NA,pollen,2248,NA,Vascular plants,pollen,Cardamine,UPHE,2,46
NISP,NA,pollen,2249,NA,Vascular plants,pollen,Cedrus,TRSH,1,2
NISP,NA,pollen,2286,NA,Vascular plants,pollen,Mentha,UPHE,7,39
NISP,NA,pollen,2306,NA,Vascular plants,pollen,Silene,UPHE,3,7
NISP,NA,pollen,2311,NA,Vascular plants,pollen,Valeriana officinalis,UPHE,20,96
NISP,NA,pollen,2319,NA,Vascular plants,pollen,Saxifraga oppositifolia,UPHE,1,2
NISP,NA,pollen,2322,NA,Vascular plants,pollen,Frangula alnus,TRSH,38,327
NISP,NA,pollen,2337,NA,Vascular plants,pollen,Myriophyllum spicatum-type,AQVP,1,1
NISP,NA,pollen,2338,NA,Vascular plants,pollen,Olea,TRSH,2,5
NISP,NA,pollen,2339,NA,Vascular plants,pollen,Oleaceae,TRSH,1,1
NISP,NA,pollen,2460,NA,Vascular plants,pollen,Carduus,UPHE,12,44
NISP,NA,pollen,2476,NA,Vascular plants,pollen,Lobelia,UPHE,2,2
NISP,NA,pollen,2481,NA,Vascular plants,pollen,Anagallis-type,UPHE,1,1
NISP,NA,pollen,2483,NA,Vascular plants,pollen,Alchemilla,UPHE,5,23
NISP,NA,pollen,2519,NA,Vascular plants,pollen,Clematis,UPHE,1,3
NISP,NA,pollen,2533,NA,Vascular plants,pollen,Gentiana undiff.,UPHE,1,9
NISP,NA,pollen,2536,NA,Vascular plants,pollen,Gentiana pneumonanthe-type,UPHE,5,8
NISP,NA,pollen,2537,NA,Vascular plants,pollen,Heracleum,UPHE,6,40
NISP,NA,pollen,2549,NA,Vascular plants,pollen,Dianthus-type,UPHE,4,25
NISP,NA,pollen,2561,NA,Vascular plants,pollen,Gentiana-type,UPHE,3,3
NISP,NA,pollen,2566,NA,Vascular plants,pollen,Montia,UPHE,4,6
NISP,NA,pollen,2572,NA,Vascular plants,pollen,Typha angustifolia/Sparganium,AQVP,33,358
NISP,NA,pollen,2590,NA,Vascular plants,pollen,Myosotis,UPHE,3,3
NISP,NA,pollen,2657,NA,Vascular plants,pollen,Castanea sativa,TRSH,1,1
NISP,NA,pollen,2667,NA,Vascular plants,pollen,Pterocarya,TRSH,3,12
NISP,NA,pollen,2677,NA,Vascular plants,pollen,Hippophaë,TRSH,7,20
NISP,NA,pollen,2680,NA,Vascular plants,pollen,Daphne,TRSH,3,8
NISP,NA,pollen,2684,NA,Vascular plants,pollen,Hedera,TRSH,24,49
NISP,NA,pollen,2685,NA,Vascular plants,pollen,Knautia,UPHE,21,33
NISP,NA,pollen,2690,NA,Vascular plants,pollen,Trapa,AQVP,1,3
NISP,NA,pollen,2759,NA,Vascular plants,pollen,Euphrasia,UPHE,2,2
NISP,NA,pollen,2795,NA,Vascular plants,pollen,Veronica,UPHE,9,42
NISP,NA,pollen,2801,NA,Vascular plants,pollen,Sequoia,TRSH,1,4
NISP,NA,pollen,2828,NA,Vascular plants,pollen,Echium,UPHE,18,40
NISP,NA,pollen,2894,NA,Vascular plants,pollen,Stachys,UPHE,5,12
NISP,NA,pollen,2895,NA,Vascular plants,pollen,Valerianella,UPHE,2,6
NISP,NA,pollen,2897,NA,Vascular plants,pollen,Calluna vulgaris,TRSH,57,895
NISP,NA,pollen,2901,NA,Vascular plants,pollen,Drosera rotundifolia,AQVP,6,16
NISP,NA,pollen,2902,NA,Vascular plants,pollen,Drosera intermedia,AQVP,1,5
NISP,NA,pollen,2904,NA,Vascular plants,pollen,Lotus,UPHE,1,6
NISP,NA,pollen,2905,NA,Vascular plants,pollen,Plantago major/P. media,UPHE,48,452
NISP,NA,pollen,2906,NA,Vascular plants,pollen,Scleranthus perennis,UPHE,1,2
NISP,NA,pollen,2907,NA,Vascular plants,pollen,Scleranthus,UPHE,4,10
NISP,NA,pollen,2908,NA,Vascular plants,pollen,Scleranthus-type,UPHE,5,11
NISP,NA,pollen,2909,NA,Vascular plants,pollen,Stellaria holostea,UPHE,3,6
NISP,NA,pollen,2910,NA,Vascular plants,pollen,Succisa,UPHE,15,40
NISP,NA,pollen,2911,NA,Vascular plants,pollen,Symphytum,UPHE,21,43
NISP,NA,pollen,2912,NA,Vascular plants,pollen,Symphytum-type,UPHE,2,4
NISP,NA,pollen,2915,NA,Vascular plants,pollen,Astragalus alpinus-type,UPHE,1,1
NISP,NA,pollen,2918,NA,Vascular plants,pollen,Cirsium-type,UPHE,41,416
NISP,NA,pollen,2919,NA,Vascular plants,pollen,Elatine,AQVP,7,13
NISP,NA,pollen,2925,NA,Vascular plants,pollen,Frangula,TRSH,27,188
NISP,NA,pollen,2927,NA,Vascular plants,pollen,Mercurialis,UPHE,8,14
NISP,NA,pollen,2930,NA,Vascular plants,pollen,Rhinanthus,UPHE,9,51
NISP,NA,pollen,2931,NA,Vascular plants,pollen,Rhinanthus-type,UPHE,2,5
NISP,NA,pollen,2932,NA,Vascular plants,pollen,Spergula,UPHE,2,8
NISP,NA,pollen,2934,NA,Vascular plants,pollen,Spergula-type,UPHE,1,1
NISP,NA,pollen,2935,NA,Vascular plants,pollen,Spergularia-type,UPHE,1,1
NISP,NA,pollen,2938,NA,Vascular plants,pollen,Vicia,UPHE,1,10
NISP,NA,pollen,2948,NA,Vascular plants,pollen,Brassicaceae-type,UPHE,6,153
NISP,NA,pollen,3052,NA,Vascular plants,pollen,Eryngium,UPHE,2,31
NISP,NA,pollen,3124,NA,Vascular plants,pollen,Ranunculus aquatilis-type,AQVP,1,3
NISP,NA,pollen,3171,NA,Vascular plants,pollen,Persicaria lapathifolia,UPHE,1,1
NISP,NA,pollen,3172,NA,Vascular plants,pollen,Rumex acetosella,UPHE,20,252
NISP,NA,pollen,3180,NA,Vascular plants,pollen,Erodium,UPHE,4,5
NISP,NA,pollen,3208,NA,Vascular plants,pollen,Betula nana,TRSH,8,177
NISP,NA,pollen,3408,NA,Vascular plants,pollen,Teucrium,UPHE,3,16
NISP,NA,pollen,3411,NA,Vascular plants,pollen,Ulex-type,TRSH,1,1
NISP,NA,pollen,3417,NA,Vascular plants,pollen,Glaucium,UPHE,2,7
NISP,NA,pollen,3418,NA,Vascular plants,pollen,Plantago media-type,UPHE,3,6
NISP,NA,pollen,3421,NA,Vascular plants,pollen,Ephedra distachya,TRSH,10,35
NISP,NA,pollen,3422,NA,Vascular plants,pollen,Ephedra fragilis,TRSH,4,25
NISP,NA,pollen,3423,NA,Vascular plants,pollen,Gypsophila-type,UPHE,4,40
NISP,NA,pollen,3426,NA,Vascular plants,pollen,Pinus cembra,TRSH,6,85
NISP,NA,pollen,3428,NA,Vascular plants,pollen,Sagina-type,UPHE,2,2
NISP,NA,pollen,3430,NA,Vascular plants,pollen,Veronica-type,UPHE,4,23
NISP,NA,pollen,3432,NA,Vascular plants,pollen,Fallopia convolvulus,UPHE,3,3
NISP,NA,pollen,3434,NA,Vascular plants,pollen,Nymphaea alba,AQVP,2,62
NISP,NA,pollen,3437,NA,Vascular plants,pollen,Alisma plantago-aquatica,AQVP,1,8
NISP,NA,pollen,3438,NA,Vascular plants,pollen,Anthemis-type,UPHE,13,331
NISP,NA,pollen,3439,NA,Vascular plants,pollen,Aster-type,UPHE,9,152
NISP,NA,pollen,3440,NA,Vascular plants,pollen,Centaurea jacea,UPHE,11,57
NISP,NA,pollen,3441,NA,Vascular plants,pollen,Centaurea scabiosa,UPHE,22,74
NISP,NA,pollen,3444,NA,Vascular plants,pollen,Epipactis,UPHE,1,1
NISP,NA,pollen,3445,NA,Vascular plants,pollen,Rumex subg. Rumex,UPHE,2,2
NISP,NA,pollen,3446,NA,Vascular plants,pollen,Galeopsis,UPHE,1,2
NISP,NA,pollen,3447,NA,Vascular plants,pollen,Galeopsis-type,UPHE,2,2
NISP,NA,pollen,3449,NA,Vascular plants,pollen,Genista-type,TRSH,7,19
NISP,NA,pollen,3450,NA,Vascular plants,pollen,Lamium-type,UPHE,21,85
NISP,NA,pollen,3455,NA,Vascular plants,pollen,Sorbus-type,TRSH,8,80
NISP,NA,pollen,3462,NA,Vascular plants,pollen,Betula pubescens,TRSH,1,29
NISP,NA,pollen,3465,NA,Vascular plants,pollen,Echium vulgare,UPHE,2,3
NISP,NA,pollen,3472,NA,Vascular plants,pollen,Tilia cordata,TRSH,9,144
NISP,NA,pollen,3473,NA,Vascular plants,pollen,Tilia platyphyllos,TRSH,10,106
NISP,NA,pollen,3561,NA,Vascular plants,pollen,Aconitum-type,UPHE,1,3
NISP,NA,pollen,3566,NA,Vascular plants,pollen,Centaurea cyanus-type,UPHE,7,35
NISP,NA,pollen,3567,NA,Vascular plants,pollen,Centaurea scabiosa-type,UPHE,7,14
NISP,NA,pollen,3570,NA,Vascular plants,pollen,Cornus sanguinea,TRSH,17,50
NISP,NA,pollen,3572,NA,Vascular plants,pollen,Ephedra distachya-type,TRSH,9,30
NISP,NA,pollen,3578,NA,Vascular plants,pollen,Ephedra fragilis-type,TRSH,10,37
NISP,NA,pollen,3579,NA,Vascular plants,pollen,Fraxinus excelsior,TRSH,14,484
NISP,NA,pollen,3580,NA,Vascular plants,pollen,Fraxinus ornus,TRSH,1,1
NISP,NA,pollen,3581,NA,Vascular plants,pollen,Helleborus,UPHE,1,1
NISP,NA,pollen,3582,NA,Vascular plants,pollen,Hypericum perforatum-type,UPHE,3,50
NISP,NA,pollen,3583,NA,Vascular plants,pollen,Loranthus,TRSH,8,18
NISP,NA,pollen,3584,NA,Vascular plants,pollen,Matricaria-type,UPHE,1,20
NISP,NA,pollen,3591,NA,Vascular plants,pollen,Plantago maritima-type,UPHE,3,12
NISP,NA,pollen,3597,NA,Vascular plants,pollen,Sambucus nigra-type,TRSH,10,63
NISP,NA,pollen,3600,NA,Vascular plants,pollen,Solanum dulcamara,UPHE,9,57
NISP,NA,pollen,3625,NA,Vascular plants,pollen,Gentianaceae undiff.,UPHE,1,1
NISP,NA,pollen,3641,NA,Vascular plants,pollen,Platycarya,TRSH,1,1
NISP,NA,pollen,3643,NA,Vascular plants,pollen,Betula nana-type,TRSH,1,42
NISP,NA,pollen,3644,NA,Vascular plants,pollen,Abies alba,TRSH,23,836
NISP,NA,pollen,3645,NA,Vascular plants,pollen,Barbarea-type,UPHE,17,186
NISP,NA,pollen,3689,NA,Vascular plants,pollen,Cardamine pratensis-type,UPHE,13,163
NISP,NA,pollen,3690,NA,Vascular plants,pollen,Chrysosplenium,UPHE,20,88
NISP,NA,pollen,3691,NA,Vascular plants,pollen,Ephedra foeminea-type,TRSH,3,6
NISP,NA,pollen,3693,NA,Vascular plants,pollen,Larix decidua,TRSH,2,3
NISP,NA,pollen,3696,NA,Vascular plants,pollen,Lysimachia vulgaris-type,UPHE,19,142
NISP,NA,pollen,3697,NA,Vascular plants,pollen,Lysimachia vulgaris,UPHE,7,21
NISP,NA,pollen,3699,NA,Vascular plants,pollen,Parnassia palustris,UPHE,16,37
NISP,NA,pollen,3700,NA,Vascular plants,pollen,Petasites-type,UPHE,13,185
NISP,NA,pollen,3701,NA,Vascular plants,pollen,Pleurospermum,UPHE,2,2
NISP,NA,pollen,3702,NA,Vascular plants,pollen,Ranunculus arvensis-type,UPHE,1,16
NISP,NA,pollen,3703,NA,Vascular plants,pollen,Silene-type,UPHE,23,126
NISP,NA,pollen,3704,NA,Vascular plants,pollen,Trifolium pratense-type,UPHE,22,85
NISP,NA,pollen,3705,NA,Vascular plants,pollen,Hordeum-type,UPHE,7,74
NISP,NA,pollen,3737,NA,Vascular plants,pollen,Achillea,UPHE,1,1
NISP,NA,pollen,3749,NA,Vascular plants,pollen,Agrimonia,UPHE,1,1
NISP,NA,pollen,3757,NA,Vascular plants,pollen,Alchemilla-type,UPHE,4,56
NISP,NA,pollen,3770,NA,Vascular plants,pollen,Alnus glutinosa-type,TRSH,5,172
NISP,NA,pollen,3771,NA,Vascular plants,pollen,Alnus glutinosa/A. incana,TRSH,1,94
NISP,NA,pollen,3773,NA,Vascular plants,pollen,Anagallis arvensis-type,UPHE,2,7
NISP,NA,pollen,3774,NA,Vascular plants,pollen,Anagallis tenella-type,UPHE,1,1
NISP,NA,pollen,3777,NA,Vascular plants,pollen,Anagallis arvensis,UPHE,1,2
NISP,NA,pollen,3778,NA,Vascular plants,pollen,Anagallis,UPHE,2,3
NISP,NA,pollen,3785,NA,Vascular plants,pollen,Anthericum,UPHE,3,6
NISP,NA,pollen,3787,NA,Vascular plants,pollen,Anthericum-type,UPHE,1,4
NISP,NA,pollen,3790,NA,Vascular plants,pollen,Anchusa/Pulmonaria,UPHE,1,1
NISP,NA,pollen,3791,NA,Vascular plants,pollen,Pulmonaria,UPHE,1,1
NISP,NA,pollen,3792,NA,Vascular plants,pollen,Pulmonaria-type,UPHE,6,9
NISP,NA,pollen,3801,NA,Vascular plants,pollen,Anthriscus caucalis,UPHE,1,1
NISP,NA,pollen,3802,NA,Vascular plants,pollen,Anthriscus sylvestris-type,UPHE,4,24
NISP,NA,pollen,3803,NA,Vascular plants,pollen,Anthriscus-type,UPHE,1,1
NISP,NA,pollen,3804,NA,Vascular plants,pollen,Anthriscus sylvestris,UPHE,1,8
NISP,NA,pollen,3805,NA,Vascular plants,pollen,Anthyllis,UPHE,2,4
NISP,NA,pollen,3814,NA,Vascular plants,pollen,Silene dioica-type,UPHE,8,18
NISP,NA,pollen,3815,NA,Vascular plants,pollen,Silene vulgaris-type,UPHE,8,19
NISP,NA,pollen,3832,NA,Vascular plants,pollen,Apium-type,UPHE,1,30
NISP,NA,pollen,3833,NA,Vascular plants,pollen,Apium inundatum-type,UPHE,1,1
NISP,NA,pollen,3837,NA,Vascular plants,pollen,Arctium,UPHE,1,1
NISP,NA,pollen,3846,NA,Vascular plants,pollen,Cirsium/Carduus,UPHE,4,49
NISP,NA,pollen,3849,NA,Vascular plants,pollen,Arctous alpina,TRSH,1,1
NISP,NA,pollen,3852,NA,Vascular plants,pollen,Arctostaphylos uva-ursi-type,TRSH,1,1
NISP,NA,pollen,3853,NA,Vascular plants,pollen,Armeria maritima-type,UPHE,1,1
NISP,NA,pollen,3855,NA,Vascular plants,pollen,Armeria maritima (type B),UPHE,2,3
NISP,NA,pollen,3857,NA,Vascular plants,pollen,Armeria maritima (type A),UPHE,2,3
NISP,NA,pollen,3881,NA,Vascular plants,pollen,Aruncus,UPHE,1,1
NISP,NA,pollen,3897,NA,Vascular plants,pollen,Astragalus danicus-type,UPHE,3,8
NISP,NA,pollen,3901,NA,Vascular plants,pollen,Vicia cracca-type,UPHE,1,1
NISP,NA,pollen,3917,NA,Vascular plants,pollen,Avena/Triticum-type,UPHE,1,2
NISP,NA,pollen,3923,NA,Vascular plants,pollen,Hordeum,UPHE,1,3
NISP,NA,pollen,3926,NA,Vascular plants,pollen,Secale cereale,UPHE,32,408
NISP,NA,pollen,3950,NA,Vascular plants,pollen,Fallopia convolvulus-type,UPHE,3,3
NISP,NA,pollen,3952,NA,Vascular plants,pollen,Fallopia convolvulus/F. dumetorum,UPHE,1,9
NISP,NA,pollen,3967,NA,Vascular plants,pollen,Bupleurum falcatum-type,UPHE,1,2
NISP,NA,pollen,3969,NA,Vascular plants,pollen,Butomus-type,AQVP,1,2
NISP,NA,pollen,3970,NA,Vascular plants,pollen,Butomus,AQVP,6,37
NISP,NA,pollen,3974,NA,Vascular plants,pollen,Caltha palustris-type,AQVP,1,1
NISP,NA,pollen,3982,NA,Vascular plants,pollen,Campanula rapunculoides,UPHE,1,3
NISP,NA,pollen,3988,NA,Vascular plants,pollen,Scilla-type,UPHE,1,1
NISP,NA,pollen,3996,NA,Vascular plants,pollen,Castanea-type,TRSH,3,15
NISP,NA,pollen,4001,NA,Vascular plants,pollen,Centaurea jacea-type,UPHE,31,136
NISP,NA,pollen,4003,NA,Vascular plants,pollen,Centaurea montana-type,UPHE,1,1
NISP,NA,pollen,4005,NA,Vascular plants,pollen,Centaurea nigra-type,UPHE,2,2
NISP,NA,pollen,4034,NA,Vascular plants,pollen,Cerastium fontanum-type,UPHE,1,7
NISP,NA,pollen,4047,NA,Vascular plants,pollen,Dryas octopetala,UPHE,3,15
NISP,NA,pollen,4053,NA,Vascular plants,pollen,Rumex acetosa,UPHE,10,86
NISP,NA,pollen,4054,NA,Vascular plants,pollen,Rumex aquaticus-type,UPHE,1,3
NISP,NA,pollen,4059,NA,Vascular plants,pollen,Rumex obtusifolius,UPHE,3,6
NISP,NA,pollen,4071,NA,Vascular plants,pollen,Rumex maritimus-type,UPHE,1,1
NISP,NA,pollen,4076,NA,Vascular plants,pollen,cf. Papaver,UPHE,1,10
NISP,NA,pollen,4079,NA,Vascular plants,pollen,Papaver rhoeas-type,UPHE,2,3
NISP,NA,pollen,4085,NA,Vascular plants,pollen,Pedicularis palustris-type,UPHE,1,1
NISP,NA,pollen,4092,NA,Vascular plants,pollen,Rhinanthus/Veronica,UPHE,1,6
NISP,NA,pollen,4093,NA,Vascular plants,pollen,Veronica beccabunga-type,AQVP,2,4
NISP,NA,pollen,4094,NA,Vascular plants,pollen,Veronica beccabunga,AQVP,1,8
NISP,NA,pollen,4098,NA,Vascular plants,pollen,Saussurea-type,UPHE,1,1
NISP,NA,pollen,4102,NA,Vascular plants,pollen,Sedum-type,UPHE,2,2
NISP,NA,pollen,4117,NA,Vascular plants,pollen,Digitalis purpurea-type,UPHE,1,1
NISP,NA,pollen,4122,NA,Vascular plants,pollen,cf. Lobelia,UPHE,1,1
NISP,NA,pollen,4123,NA,Vascular plants,pollen,Scrophularia-type,UPHE,3,7
NISP,NA,pollen,4125,NA,Vascular plants,pollen,Scrophularia,UPHE,3,8
NISP,NA,pollen,4130,NA,Vascular plants,pollen,Chrysosplenium-type,UPHE,4,24
NISP,NA,pollen,4133,NA,Vascular plants,pollen,Cicuta virosa,UPHE,2,11
NISP,NA,pollen,4136,NA,Vascular plants,pollen,Convolvulus arvensis,UPHE,9,46
NISP,NA,pollen,4153,NA,Vascular plants,pollen,Helianthemum nummularium-type,UPHE,1,3
NISP,NA,pollen,4157,NA,Vascular plants,pollen,Helianthemum oelandicum subsp. alpestris-type,UPHE,1,1
NISP,NA,pollen,4162,NA,Vascular plants,pollen,Cladium mariscus,AQVP,2,7
NISP,NA,pollen,4172,NA,Vascular plants,pollen,Convallaria,UPHE,1,1
NISP,NA,pollen,4175,NA,Vascular plants,pollen,Cornus suecica,TRSH,1,1
NISP,NA,pollen,4178,NA,Vascular plants,pollen,Cornus mas,TRSH,10,72
NISP,NA,pollen,4200,NA,Vascular plants,pollen,Cuscuta europaea-type,UPHE,2,31
NISP,NA,pollen,4221,NA,Vascular plants,pollen,Daucus-type,UPHE,11,320
NISP,NA,pollen,4222,NA,Vascular plants,pollen,Daucus carota,UPHE,1,1
NISP,NA,pollen,4223,NA,Vascular plants,pollen,Daucus,UPHE,1,1
NISP,NA,pollen,4226,NA,Vascular plants,pollen,Dianthus,UPHE,3,3
NISP,NA,pollen,4238,NA,Vascular plants,pollen,Echium-type,UPHE,2,2
NISP,NA,pollen,4260,NA,Vascular plants,pollen,Erica ciliaris-type,TRSH,1,2
NISP,NA,pollen,4266,NA,Vascular plants,pollen,Ephedra foeminea,TRSH,1,1
NISP,NA,pollen,4270,NA,Vascular plants,pollen,Ephedra cf. E. foeminea,TRSH,3,7
NISP,NA,pollen,4273,NA,Vascular plants,pollen,Ephedra cf. E. fragilis,TRSH,1,1
NISP,NA,pollen,4274,NA,Vascular plants,pollen,Ephedra cf. E. distachya,TRSH,1,7
NISP,NA,pollen,4279,NA,Vascular plants,pollen,Eriophorum,AQVP,1,1
NISP,NA,pollen,4282,NA,Vascular plants,pollen,Euonymus europaeus,TRSH,1,5
NISP,NA,pollen,4286,NA,Vascular plants,pollen,Euphrasia-type,UPHE,2,3
NISP,NA,pollen,4287,NA,Vascular plants,pollen,Fagopyrum-type,UPHE,4,12
NISP,NA,pollen,4316,NA,Vascular plants,pollen,Genista,TRSH,1,2
NISP,NA,pollen,4330,NA,Vascular plants,pollen,Gentiana cruciata-type,UPHE,1,1
NISP,NA,pollen,4336,NA,Vascular plants,pollen,Gentianella campestris-type,UPHE,4,10
NISP,NA,pollen,4341,NA,Vascular plants,pollen,Geranium-type,UPHE,1,9
NISP,NA,pollen,4358,NA,Vascular plants,pollen,Gnaphalium-type,UPHE,11,82
NISP,NA,pollen,4359,NA,Vascular plants,pollen,Gypsophila,UPHE,5,16
NISP,NA,pollen,4361,NA,Vascular plants,pollen,Gypsophila repens-type,UPHE,4,26
NISP,NA,pollen,4366,NA,Vascular plants,pollen,Gypsophila repens,UPHE,1,1
NISP,NA,pollen,4367,NA,Vascular plants,pollen,Hedera helix,TRSH,26,128
NISP,NA,pollen,4373,NA,Vascular plants,pollen,Heracleum-type,UPHE,6,25
NISP,NA,pollen,4374,NA,Vascular plants,pollen,Heracleum sphondylium,UPHE,2,6
NISP,NA,pollen,4377,NA,Vascular plants,pollen,Herniaria,UPHE,1,1
NISP,NA,pollen,4378,NA,Vascular plants,pollen,Herniaria-type,UPHE,2,2
NISP,NA,pollen,4389,NA,Vascular plants,pollen,Hottonia palustris,AQVP,1,5
NISP,NA,pollen,4392,NA,Vascular plants,pollen,Samolus valerandi,AQVP,1,1
NISP,NA,pollen,4395,NA,Vascular plants,pollen,Hydrocotyle vulgaris,AQVP,1,5
NISP,NA,pollen,4409,NA,Vascular plants,pollen,Iris pseudacorus-type,UPHE,2,3
NISP,NA,pollen,4410,NA,Vascular plants,pollen,Iris-type,UPHE,3,11
NISP,NA,pollen,4411,NA,Vascular plants,pollen,Iris pseudacorus,UPHE,1,1
NISP,NA,pollen,4412,NA,Vascular plants,pollen,Jasione montana,UPHE,8,11
NISP,NA,pollen,4414,NA,Vascular plants,pollen,Jasione-type,UPHE,1,2
NISP,NA,pollen,4416,NA,Vascular plants,pollen,Juniperus communis,TRSH,1,4
NISP,NA,pollen,4421,NA,Vascular plants,pollen,Succisa pratensis,UPHE,8,9
NISP,NA,pollen,4422,NA,Vascular plants,pollen,Succisa-type,UPHE,1,2
NISP,NA,pollen,4430,NA,Vascular plants,pollen,Larix-type,TRSH,1,10
NISP,NA,pollen,4431,NA,Vascular plants,pollen,Rhododendron tomentosum,TRSH,4,30
NISP,NA,pollen,4448,NA,Vascular plants,pollen,Linum catharticum,UPHE,12,22
NISP,NA,pollen,4449,NA,Vascular plants,pollen,Linum catharticum-type,UPHE,1,2
NISP,NA,pollen,4451,NA,Vascular plants,pollen,Linum usitatissimum-type,UPHE,3,6
NISP,NA,pollen,4455,NA,Vascular plants,pollen,Linum flavum,UPHE,1,2
NISP,NA,pollen,4457,NA,Vascular plants,pollen,Linum austriacum-type,UPHE,2,2
NISP,NA,pollen,4459,NA,Vascular plants,pollen,Listera-type,UPHE,2,12
NISP,NA,pollen,4462,NA,Vascular plants,pollen,Lithospermum officinale,UPHE,1,2
NISP,NA,pollen,4464,NA,Vascular plants,pollen,Lonicera periclymenum,TRSH,2,2
NISP,NA,pollen,4469,NA,Vascular plants,pollen,Lonicera xylosteum,TRSH,3,3
NISP,NA,pollen,4474,NA,Vascular plants,pollen,Loranthus europaeus,TRSH,2,2
NISP,NA,pollen,4477,NA,Vascular plants,pollen,Lotus cf. L. corniculatus,UPHE,1,1
NISP,NA,pollen,4488,NA,Vascular plants,pollen,Lysimachia nemorum,UPHE,1,3
NISP,NA,pollen,4489,NA,Vascular plants,pollen,Lysimachia-type,UPHE,9,62
NISP,NA,pollen,4490,NA,Vascular plants,pollen,Lysimachia cf. L. vulgaris,UPHE,1,1
NISP,NA,pollen,4492,NA,Vascular plants,pollen,Lysimachia nemorum-type,UPHE,1,1
NISP,NA,pollen,4494,NA,Vascular plants,pollen,Lythrum portula-type,UPHE,3,5
NISP,NA,pollen,4497,NA,Vascular plants,pollen,Lythrum-type,UPHE,1,20
NISP,NA,pollen,4502,NA,Vascular plants,pollen,Maianthemum bifolium,UPHE,1,4
NISP,NA,pollen,4505,NA,Vascular plants,pollen,Malus,TRSH,2,2
NISP,NA,pollen,4506,NA,Vascular plants,pollen,Malus-type,TRSH,1,3
NISP,NA,pollen,4520,NA,Vascular plants,pollen,Malva-type,UPHE,1,2
NISP,NA,pollen,4521,NA,Vascular plants,pollen,Marrubium,UPHE,1,1
NISP,NA,pollen,4530,NA,Vascular plants,pollen,Menyanthes trifoliata-type,AQVP,2,3
NISP,NA,pollen,4536,NA,Vascular plants,pollen,Mercurialis perennis-type,UPHE,2,3
NISP,NA,pollen,4546,NA,Vascular plants,pollen,Muscari,UPHE,1,1
NISP,NA,pollen,4548,NA,Vascular plants,pollen,Myosotis arvensis-type,UPHE,1,2
NISP,NA,pollen,4550,NA,Vascular plants,pollen,Myricaria germanica,TRSH,1,1
NISP,NA,pollen,4553,NA,Vascular plants,pollen,Myriophyllum cf. M. spicatum,AQVP,1,19
NISP,NA,pollen,4554,NA,Vascular plants,pollen,Myriophyllum cf. M. verticillatum,AQVP,1,2
NISP,NA,pollen,4570,NA,Vascular plants,pollen,Nymphaea cf. N. candida,AQVP,1,61
NISP,NA,pollen,4573,NA,Vascular plants,pollen,Nymphaea alba-type,AQVP,1,5
NISP,NA,pollen,4578,NA,Vascular plants,pollen,Odontites,UPHE,2,4
NISP,NA,pollen,4580,NA,Vascular plants,pollen,Odontites-type,UPHE,3,66
NISP,NA,pollen,4585,NA,Vascular plants,pollen,Onobrychis,UPHE,4,25
NISP,NA,pollen,4588,NA,Vascular plants,pollen,Ononis,UPHE,1,1
NISP,NA,pollen,4591,NA,Vascular plants,pollen,Ornithogalum-type,UPHE,1,5
NISP,NA,pollen,4599,NA,Vascular plants,pollen,Phragmites,AQVP,2,22
NISP,NA,pollen,4600,NA,Vascular plants,pollen,Phragmites-type,AQVP,5,219
NISP,NA,pollen,4602,NA,Vascular plants,pollen,Phragmites australis,AQVP,2,11
NISP,NA,pollen,4608,NA,Vascular plants,pollen,Pimpinella major-type,UPHE,12,136
NISP,NA,pollen,4611,NA,Vascular plants,pollen,Pimpinella anisum,UPHE,1,1
NISP,NA,pollen,4615,NA,Vascular plants,pollen,Pinus subg. Strobus-type,TRSH,1,27
NISP,NA,pollen,4620,NA,Vascular plants,pollen,Pinus sylvestris-type,TRSH,2,80
NISP,NA,pollen,4626,NA,Vascular plants,pollen,Pinus cembra-type,TRSH,3,9
NISP,NA,pollen,4633,NA,Vascular plants,pollen,Pisum sativum,UPHE,4,21
NISP,NA,pollen,4635,NA,Vascular plants,pollen,Plantago coronopus,UPHE,2,2
NISP,NA,pollen,4639,NA,Vascular plants,pollen,Plantago alpina-type,UPHE,3,22
NISP,NA,pollen,4642,NA,Vascular plants,pollen,Plantago atrata-type,UPHE,1,1
NISP,NA,pollen,4647,NA,Vascular plants,pollen,Plantago alpina,UPHE,6,26
NISP,NA,pollen,4663,NA,Vascular plants,pollen,Pleurospermum austriacum,UPHE,13,22
NISP,NA,pollen,4664,NA,Vascular plants,pollen,Pleurospermum austriacum-type,UPHE,1,2
NISP,NA,pollen,4666,NA,Vascular plants,pollen,Polemonium caeruleum,UPHE,5,10
NISP,NA,pollen,4704,NA,Vascular plants,pollen,Primula farinosa-type,UPHE,1,2
NISP,NA,pollen,4708,NA,Vascular plants,pollen,Primula veris-type,UPHE,4,12
NISP,NA,pollen,4712,NA,Vascular plants,pollen,Pterocarya fraxinifolia,TRSH,1,2
NISP,NA,pollen,4716,NA,Vascular plants,pollen,Quercus coccifera,TRSH,2,24
NISP,NA,pollen,4729,NA,Vascular plants,pollen,Ranunculus flammula-type,UPHE,1,9
NISP,NA,pollen,4736,NA,Vascular plants,pollen,Ranunculus arvensis,UPHE,4,4
NISP,NA,pollen,4747,NA,Vascular plants,pollen,Reseda,UPHE,1,2
NISP,NA,pollen,4748,NA,Vascular plants,pollen,Reseda lutea-type,UPHE,1,1
NISP,NA,pollen,4758,NA,Vascular plants,pollen,Ribes alpinum,TRSH,1,2
NISP,NA,pollen,4759,NA,Vascular plants,pollen,Rosa-type,UPHE,1,3
NISP,NA,pollen,4770,NA,Vascular plants,pollen,Sagina,UPHE,3,4
NISP,NA,pollen,4782,NA,Vascular plants,pollen,Sambucus ebulus,TRSH,5,10
NISP,NA,pollen,4783,NA,Vascular plants,pollen,Sambucus nigra,TRSH,18,121
NISP,NA,pollen,4784,NA,Vascular plants,pollen,Sambucus racemosa,TRSH,12,30
NISP,NA,pollen,4786,NA,Vascular plants,pollen,Sambucus cf. S. nigra,TRSH,6,40
NISP,NA,pollen,4789,NA,Vascular plants,pollen,Sambucus cf. S. ebulus,TRSH,1,1
NISP,NA,pollen,4790,NA,Vascular plants,pollen,Sambucus cf. S. racemosa,TRSH,4,10
NISP,NA,pollen,4796,NA,Vascular plants,pollen,Sanguisorba minor-type,UPHE,1,5
NISP,NA,pollen,4803,NA,Vascular plants,pollen,Saxifraga granulata-type,UPHE,3,7
NISP,NA,pollen,4805,NA,Vascular plants,pollen,Saxifraga hirculus-type,UPHE,1,3
NISP,NA,pollen,4809,NA,Vascular plants,pollen,Micranthes stellaris,UPHE,2,15
NISP,NA,pollen,4814,NA,Vascular plants,pollen,Saxifraga granulata,UPHE,1,5
NISP,NA,pollen,4818,NA,Vascular plants,pollen,Saxifraga aizoides-type,UPHE,2,2
NISP,NA,pollen,4827,NA,Vascular plants,pollen,Scabiosa columbaria-type,UPHE,1,1
NISP,NA,pollen,4836,NA,Vascular plants,pollen,Sciadopitys,TRSH,2,18
NISP,NA,pollen,4845,NA,Vascular plants,pollen,Scleranthus annuus,UPHE,3,6
NISP,NA,pollen,4853,NA,Vascular plants,pollen,Serratula-type,UPHE,1,1
NISP,NA,pollen,4854,NA,Vascular plants,pollen,Serratula,UPHE,1,4
NISP,NA,pollen,4856,NA,Vascular plants,pollen,Sinapis-type,UPHE,1,2
NISP,NA,pollen,4860,NA,Vascular plants,pollen,Solanum cf. S. nigrum,UPHE,1,1
NISP,NA,pollen,4862,NA,Vascular plants,pollen,Solanum nigrum,UPHE,1,3
NISP,NA,pollen,4863,NA,Vascular plants,pollen,Solanum nigrum-type,UPHE,6,14
NISP,NA,pollen,4865,NA,Vascular plants,pollen,Stratiotes aloides,AQVP,3,3
NISP,NA,pollen,4870,NA,Vascular plants,pollen,Taxus baccata,TRSH,2,10
NISP,NA,pollen,4877,NA,Vascular plants,pollen,Thesium,UPHE,4,11
NISP,NA,pollen,4884,NA,Vascular plants,pollen,Tilia undiff.,TRSH,4,50
NISP,NA,pollen,4891,NA,Vascular plants,pollen,Sparganium erectum,AQVP,2,19
NISP,NA,pollen,4906,NA,Vascular plants,pollen,Trapa natans,AQVP,3,28
NISP,NA,pollen,4907,NA,Vascular plants,pollen,Trientalis europaea,UPHE,2,3
NISP,NA,pollen,4922,NA,Vascular plants,pollen,Trollius,UPHE,5,16
NISP,NA,pollen,4923,NA,Vascular plants,pollen,Trollius europaeus,UPHE,11,27
NISP,NA,pollen,4925,NA,Vascular plants,pollen,Trollius-type,UPHE,1,1
NISP,NA,pollen,4933,NA,Vascular plants,pollen,Ulmus/Zelkova,TRSH,1,3
NISP,NA,pollen,4955,NA,Vascular plants,pollen,Valeriana dioica,UPHE,1,2
NISP,NA,pollen,4956,NA,Vascular plants,pollen,Valeriana officinalis-type,UPHE,8,28
NISP,NA,pollen,4959,NA,Vascular plants,pollen,Valeriana cf. V. dioica,UPHE,1,2
NISP,NA,pollen,4961,NA,Vascular plants,pollen,Valeriana dioica-type,UPHE,8,24
NISP,NA,pollen,4964,NA,Vascular plants,pollen,Verbascum,UPHE,9,18
NISP,NA,pollen,4968,NA,Vascular plants,pollen,Viburnum lantana,TRSH,2,4
NISP,NA,pollen,4973,NA,Vascular plants,pollen,Viola palustris-type,AQVP,5,10
NISP,NA,pollen,4975,NA,Vascular plants,pollen,Viola tricolor,UPHE,1,1
NISP,NA,pollen,4976,NA,Vascular plants,pollen,Viola palustris,AQVP,5,10
NISP,NA,pollen,5066,NA,Vascular plants,pollen,cf. Lamiaceae,UPHE,1,19
NISP,NA,pollen,5073,NA,Vascular plants,pollen,Scutellaria,UPHE,1,3
NISP,NA,pollen,5090,NA,Vascular plants,pollen,Glyceria-type,UPHE,5,21
NISP,NA,pollen,5092,NA,Vascular plants,pollen,Sanicula europaea,UPHE,1,1
NISP,NA,pollen,5094,NA,Vascular plants,pollen,Sanicula-type,UPHE,1,1
NISP,NA,pollen,5146,NA,Vascular plants,pollen,Anemone nemorosa-type,UPHE,15,108
NISP,NA,pollen,5150,NA,Vascular plants,pollen,Veratrum-type,UPHE,2,18
NISP,NA,pollen,5151,NA,Vascular plants,pollen,Veratrum,UPHE,5,9
NISP,NA,pollen,5152,NA,Vascular plants,pollen,Veratrum album,UPHE,1,1
NISP,NA,pollen,5191,NA,Vascular plants,pollen,Oenanthe-type,AQVP,1,1
NISP,NA,pollen,5192,NA,Vascular plants,pollen,Oenanthe,AQVP,4,16
NISP,NA,pollen,5223,NA,Vascular plants,pollen,Chelidonium,UPHE,3,6
NISP,NA,pollen,5224,NA,Vascular plants,pollen,Chelidonium majus,UPHE,1,2
NISP,NA,pollen,5225,NA,Vascular plants,pollen,Polygonatum,UPHE,2,2
NISP,NA,pollen,5232,NA,Vascular plants,pollen,Peucedanum palustre-type,UPHE,1,25
NISP,NA,pollen,5233,NA,Vascular plants,pollen,Peucedanum-type,UPHE,12,207
NISP,NA,pollen,5234,NA,Vascular plants,pollen,Peucedanum,UPHE,1,16
NISP,NA,pollen,5257,NA,Vascular plants,pollen,Hyoscyamus,UPHE,1,6
NISP,NA,pollen,5299,NA,Vascular plants,pollen,Cerinthe,UPHE,2,3
NISP,NA,pollen,5300,NA,Vascular plants,pollen,Cerinthe minor,UPHE,1,1
NISP,NA,pollen,5310,NA,Vascular plants,pollen,Androsace-type,UPHE,1,1
NISP,NA,pollen,5315,NA,Vascular plants,pollen,Crupina,UPHE,1,1
NISP,NA,pollen,5316,NA,Vascular plants,pollen,Phyteuma-type,UPHE,1,4
NISP,NA,pollen,5342,NA,Vascular plants,pollen,Astrantia-type,UPHE,4,8
NISP,NA,pollen,5353,NA,Vascular plants,pollen,Swertia perennis,UPHE,2,2
NISP,NA,pollen,5357,NA,Vascular plants,pollen,Agrostemma githago,UPHE,10,29
NISP,NA,pollen,5360,NA,Vascular plants,pollen,Petasites,UPHE,3,52
NISP,NA,pollen,5375,NA,Vascular plants,pollen,Chaerophyllum,UPHE,1,1
NISP,NA,pollen,5410,NA,Vascular plants,pollen,Succisella,UPHE,1,1
NISP,NA,pollen,5465,NA,Vascular plants,pollen,Lamiaceae (tricolpate),UPHE,1,17
NISP,NA,pollen,5496,NA,Vascular plants,pollen,Laserpitium,UPHE,1,2
NISP,NA,pollen,5614,NA,Vascular plants,pollen,Betula pubescens-type,TRSH,2,80
NISP,NA,pollen,5621,NA,Vascular plants,pollen,Chaerophyllum hirsutum-type,UPHE,6,45
NISP,NA,pollen,5633,NA,Vascular plants,pollen,Falcaria vulgaris,UPHE,1,1
NISP,NA,pollen,5639,NA,Vascular plants,pollen,Heliotropium europaeum,UPHE,1,9
NISP,NA,pollen,5642,NA,Vascular plants,pollen,Ludwigia palustris,AQVP,1,3
NISP,NA,pollen,5674,NA,Vascular plants,pollen,Phyteuma,UPHE,6,11
NISP,NA,pollen,5750,NA,Vascular plants,pollen,Ailanthus,TRSH,2,10
NISP,NA,pollen,5804,NA,Vascular plants,pollen,Plantago major/P. media-type,UPHE,8,50
NISP,NA,pollen,5812,NA,Vascular plants,pollen,Rumex acetosa/R. acetosella,UPHE,1,29
NISP,NA,pollen,5823,NA,Vascular plants,pollen,Cannabis-type,UPHE,11,180
NISP,NA,pollen,9125,NA,Vascular plants,pollen,Vaccinioideae,TRSH,11,95
NISP,NA,pollen,9505,NA,Vascular plants,pollen,Menyanthes,AQVP,7,32
NISP,NA,pollen,9515,NA,Vascular plants,pollen,Persicaria,UPHE,1,2
NISP,NA,pollen,9517,NA,Vascular plants,pollen,Bistorta,UPHE,3,10
NISP,NA,pollen,9530,NA,Vascular plants,pollen,Scheuchzeria,AQVP,6,32
NISP,NA,pollen,9690,NA,Vascular plants,pollen,Faboideae,UPHE,3,5
NISP,NA,pollen,9722,NA,Vascular plants,pollen,Calla,AQVP,1,3
NISP,NA,pollen,9773,NA,Vascular plants,pollen,Calluna,TRSH,27,356
NISP,NA,pollen,9774,NA,Vascular plants,pollen,Typhaceae,AQVP,1,1
NISP,NA,pollen,14859,NA,Vascular plants,pollen,Chamaenerion angustifolium,UPHE,12,28
NISP,NA,pollen,14919,NA,Vascular plants,pollen,Centaurea stoebe,UPHE,1,3
NISP,NA,pollen,15536,NA,Vascular plants,pollen,Prunus sp.,TRSH,1,1
NISP,NA,pollen,21606,NA,Vascular plants,pollen,Potamogeton natans-type,AQVP,1,3
NISP,NA,pollen,21608,NA,Vascular plants,pollen,Potentilla/Comarum,UPHE,9,105
NISP,NA,pollen,22545,NA,Vascular plants,pollen,Cryptomeria,TRSH,1,3
NISP,NA,pollen,23835,NA,Vascular plants,pollen,Pinus sp.,TRSH,1,15
NISP,NA,pollen,24669,NA,Vascular plants,pollen,Parnassia-type,UPHE,1,1
NISP,NA,pollen,25843,NA,Vascular plants,pollen,Polygonum sp.,UPHE,3,26
NISP,NA,pollen,25878,NA,Vascular plants,pollen,Anemone sect. Pulsatilla,UPHE,5,13
NISP,NA,pollen,25879,NA,Vascular plants,pollen,Anemone sect. Hepatica-type,UPHE,1,1
NISP,NA,pollen,27457,NA,Vascular plants,pollen,Oxyria-type,UPHE,2,15
NISP,NA,pollen,27573,NA,Vascular plants,pollen,Ranunculus sect. Batrachium,AQVP,13,155
NISP,NA,pollen,27585,NA,Vascular plants,pollen,Arnica montana,UPHE,1,2
NISP,NA,pollen,27587,NA,Vascular plants,pollen,Silenoideae-type,UPHE,12,82
NISP,NA,pollen,27588,NA,Vascular plants,pollen,Cerastium arvense-type,UPHE,6,18
NISP,NA,pollen,27589,NA,Vascular plants,pollen,Cerastium cerastoides-type,UPHE,6,27
NISP,NA,pollen,27595,NA,Vascular plants,pollen,Medicago falcata-type,UPHE,1,3
NISP,NA,pollen,27596,NA,Vascular plants,pollen,Minuartia-type,UPHE,4,7
NISP,NA,pollen,27605,NA,Vascular plants,pollen,Seseli-type,UPHE,1,1
NISP,NA,pollen,27606,NA,Vascular plants,pollen,Soldanella,UPHE,1,1
NISP,NA,pollen,27625,NA,Vascular plants,pollen,Rhus-type,TRSH,1,3
NISP,NA,pollen,27639,NA,Vascular plants,pollen,Chamaenerion angustifolium-type,UPHE,1,2
NISP,NA,pollen,27650,NA,Vascular plants,pollen,Sium latifolium-type,UPHE,1,2
NISP,NA,pollen,27661,NA,Vascular plants,pollen,Humulus/Cannabis-type,UPHE,6,40
NISP,NA,pollen,27662,NA,Vascular plants,pollen,Bruckenthalia-type,TRSH,1,5
NISP,NA,pollen,27718,NA,Vascular plants,pollen,Consolida-type,UPHE,6,32
NISP,NA,pollen,27719,NA,Vascular plants,pollen,Cuscuta epithymum,UPHE,1,10
NISP,NA,pollen,27948,NA,Vascular plants,pollen,Comarum,AQVP,18,337
NISP,NA,pollen,27949,NA,Vascular plants,pollen,Comarum palustre,AQVP,2,20
NISP,NA,pollen,27951,NA,Vascular plants,pollen,Comarum-type,UPHE,4,36
NISP,NA,pollen,27966,NA,Vascular plants,pollen,Chamaenerion,UPHE,6,42
NISP,NA,pollen,29439,NA,Vascular plants,pollen,Sagittaria-type,AQVP,1,1
NISP,NA,pollen,29810,NA,Vascular plants,pollen,Orlaya grandiflora,UPHE,1,1
NISP,NA,pollen,30385,NA,Vascular plants,pollen,Plantago sp.,UPHE,2,3
NISP,NA,pollen,30933,NA,Vascular plants,pollen,Actaea spicata,UPHE,2,3
NISP,NA,pollen,30937,NA,Vascular plants,pollen,Adonis annua-type,UPHE,1,5
NISP,NA,pollen,30938,NA,Vascular plants,pollen,Adonis aestivalis-type,UPHE,1,3
NISP,NA,pollen,30939,NA,Vascular plants,pollen,Adonis aestivalis/A. flammea,UPHE,1,5
NISP,NA,pollen,30941,NA,Vascular plants,pollen,Aethusa cynapium,UPHE,1,1
NISP,NA,pollen,30978,NA,Vascular plants,pollen,Androsace elongata-type,UPHE,2,11
NISP,NA,pollen,31001,NA,Vascular plants,pollen,Anemone nemorosa group,UPHE,1,1
NISP,NA,pollen,31031,NA,Vascular plants,pollen,Aphanes,UPHE,1,1
NISP,NA,pollen,31050,NA,Vascular plants,pollen,Arenaria serpyllifolia-type,UPHE,1,1
NISP,NA,pollen,31234,NA,Vascular plants,pollen,Astragalus exscapus,UPHE,1,2
NISP,NA,pollen,31235,NA,Vascular plants,pollen,Astrantia major,UPHE,1,1
NISP,NA,pollen,31264,NA,Vascular plants,pollen,Bambusa-type,UPHE,1,2
NISP,NA,pollen,31266,NA,Vascular plants,pollen,Ranunculus sect. Batrachium-type,UPHE,4,17
NISP,NA,pollen,31300,NA,Vascular plants,pollen,Bryonia alba/Helianthemum,UPHE,1,27
NISP,NA,pollen,31405,NA,Vascular plants,pollen,Campanula/Phyteuma,UPHE,1,3
NISP,NA,pollen,31465,NA,Vascular plants,pollen,Carum carvi,UPHE,1,1
NISP,NA,pollen,31468,NA,Vascular plants,pollen,Sileneae,UPHE,28,275
NISP,NA,pollen,31492,NA,Vascular plants,pollen,Cedrus-type,TRSH,1,1
NISP,NA,pollen,31494,NA,Vascular plants,pollen,Centaurea alpina-type,UPHE,1,3
NISP,NA,pollen,31500,NA,Vascular plants,pollen,Centaurea stoebe-type,UPHE,2,7
NISP,NA,pollen,31509,NA,Vascular plants,pollen,Centaurea jacea/C. stoebe,UPHE,1,14
NISP,NA,pollen,31515,NA,Vascular plants,pollen,Centaurea sp.,UPHE,1,2
NISP,NA,pollen,31534,NA,Vascular plants,pollen,Poaceae (Cerealia) excluding Secale,UPHE,1,26
NISP,NA,pollen,31622,NA,Vascular plants,pollen,Chaerophyllum hirsutum,UPHE,2,5
NISP,NA,pollen,31744,NA,Vascular plants,pollen,cf. Helianthemum,UPHE,1,1
NISP,NA,pollen,31875,NA,Vascular plants,pollen,Illecebrum verticillatum,UPHE,1,1
NISP,NA,pollen,31999,NA,Vascular plants,pollen,Falcaria-type,UPHE,1,3
NISP,NA,pollen,32003,NA,Vascular plants,pollen,Laserpitium latifolium-type,UPHE,1,1
NISP,NA,pollen,32275,NA,Vascular plants,pollen,Silene flos-cuculi,UPHE,8,65
NISP,NA,pollen,32277,NA,Vascular plants,pollen,Silene viscaria-type,UPHE,1,1
NISP,NA,pollen,32447,NA,Vascular plants,pollen,Silene vulgaris,UPHE,1,1
NISP,NA,pollen,32529,NA,Vascular plants,pollen,Microrrhinum minus,UPHE,1,1
NISP,NA,pollen,32543,NA,Vascular plants,pollen,Onopordum,UPHE,1,3
NISP,NA,pollen,32591,NA,Vascular plants,pollen,Potentilla/Comarum-type,UPHE,11,85
NISP,NA,pollen,32595,NA,Vascular plants,pollen,Coniferae-type,TRSH,1,8
NISP,NA,pollen,32600,NA,Vascular plants,pollen,Consolida regalis,UPHE,1,2
NISP,NA,pollen,32610,NA,Vascular plants,pollen,Coronilla undiff.,UPHE,1,1
NISP,NA,pollen,32687,NA,Vascular plants,pollen,Descurainia sophia,UPHE,1,1
NISP,NA,pollen,32738,NA,Vascular plants,pollen,Empetrum nigrum-type,TRSH,1,89
NISP,NA,pollen,32772,NA,Vascular plants,pollen,Eranthis hyemalis-type,UPHE,1,1
NISP,NA,pollen,32834,NA,Vascular plants,pollen,Filipendula ulmaria/F. vulgaris,UPHE,1,18
NISP,NA,pollen,32850,NA,Vascular plants,pollen,Fumaria-type,UPHE,1,2
NISP,NA,pollen,32872,NA,Vascular plants,pollen,Galeopsis/Ballota-type,UPHE,1,4
NISP,NA,pollen,32917,NA,Vascular plants,pollen,Glaucium corniculatum,UPHE,1,1
NISP,NA,pollen,32924,NA,Vascular plants,pollen,Gratiola officinalis,UPHE,1,1
NISP,NA,pollen,32965,NA,Vascular plants,pollen,Anemone hepatica,UPHE,1,1
NISP,NA,pollen,33022,NA,Vascular plants,pollen,Hypericum perforatum/H. androsaemum-type,UPHE,1,23
NISP,NA,pollen,33042,NA,Vascular plants,pollen,Impatiens parviflora,UPHE,1,12
NISP,NA,pollen,33057,NA,Vascular plants,pollen,Juglandaceae-type,TRSH,1,6
NISP,NA,pollen,33069,NA,Vascular plants,pollen,Knautia arvensis-type,UPHE,3,6
NISP,NA,pollen,33079,NA,Vascular plants,pollen,Lamium album-type,UPHE,1,2
NISP,NA,pollen,33098,NA,Vascular plants,pollen,Vicia/Lathyrus-type,UPHE,1,3
NISP,NA,pollen,33166,NA,Vascular plants,pollen,Listera ovata,UPHE,1,1
NISP,NA,pollen,33237,NA,Vascular plants,pollen,Magnolia-type,TRSH,1,3
NISP,NA,pollen,33239,NA,Vascular plants,pollen,Malus undiff.,TRSH,1,1
NISP,NA,pollen,33295,NA,Vascular plants,pollen,Myriophyllum heterophyllum,AQVP,3,44
NISP,NA,pollen,33318,NA,Vascular plants,pollen,Nymphaea undiff.,AQVP,1,3
NISP,NA,pollen,33320,NA,Vascular plants,pollen,Normapolles,TRSH,1,1
NISP,NA,pollen,33322,NA,Vascular plants,pollen,Nymphoides peltata-type,AQVP,1,1
NISP,NA,pollen,33346,NA,Vascular plants,pollen,Ornithogalum umbellatum-type,UPHE,1,1
NISP,NA,pollen,33362,NA,Vascular plants,pollen,Papaver somniferum,UPHE,1,4
NISP,NA,pollen,33479,NA,Vascular plants,pollen,Pimpinella major,UPHE,1,11
NISP,NA,pollen,33481,NA,Vascular plants,pollen,Pimpinella major/P. saxifraga,UPHE,1,4
NISP,NA,pollen,33541,NA,Vascular plants,pollen,Poaceae (Cerealia-type excluding Secale),UPHE,2,77
NISP,NA,pollen,33545,NA,Vascular plants,pollen,Podocarpus-type,TRSH,1,3
NISP,NA,pollen,33583,NA,Vascular plants,pollen,Koenigia alpina,UPHE,1,2
NISP,NA,pollen,33633,NA,Vascular plants,pollen,Potentilla/Fragaria,UPHE,1,6
NISP,NA,pollen,33641,NA,Vascular plants,pollen,Primula clusiana-type,UPHE,1,1
NISP,NA,pollen,33679,NA,Vascular plants,pollen,Quercus pubescens,TRSH,1,14
NISP,NA,pollen,33799,NA,Vascular plants,pollen,Ribes uva-crispa,TRSH,1,1
NISP,NA,pollen,33823,NA,Vascular plants,pollen,Poterium sanguisorba,UPHE,12,14
NISP,NA,pollen,33824,NA,Vascular plants,pollen,Poterium sanguisorba subsp. sanguisorba,UPHE,2,5
NISP,NA,pollen,33850,NA,Vascular plants,pollen,Rumex cf. R. alpinus,UPHE,1,1
NISP,NA,pollen,33859,NA,Vascular plants,pollen,Rumex/Oxyria-type,UPHE,1,1
NISP,NA,pollen,33877,NA,Vascular plants,pollen,Sagina procumbens-type,UPHE,1,1
NISP,NA,pollen,33892,NA,Vascular plants,pollen,Sambucus nigra/S. racemosa,TRSH,1,4
NISP,NA,pollen,33934,NA,Vascular plants,pollen,Scabiosa columbaria subsp. pratensis-type,UPHE,1,2
NISP,NA,pollen,33948,NA,Vascular plants,pollen,Scandix pecten-veneris/Caucalis platycarpos,UPHE,1,1
NISP,NA,pollen,33957,NA,Vascular plants,pollen,Sciadopitys-type,TRSH,1,3
NISP,NA,pollen,33958,NA,Vascular plants,pollen,Scleranthus annuus-type,UPHE,2,3
NISP,NA,pollen,33959,NA,Vascular plants,pollen,Scleranthus cf. S. annuus,UPHE,1,2
NISP,NA,pollen,33960,NA,Vascular plants,pollen,Scleranthus cf. S. perennis,UPHE,1,2
NISP,NA,pollen,33961,NA,Vascular plants,pollen,Scleranthus perennis-type,UPHE,1,1
NISP,NA,pollen,33980,NA,Vascular plants,pollen,Securigera varia,UPHE,1,1
NISP,NA,pollen,34005,NA,Vascular plants,pollen,Silene latifolia,UPHE,1,1
NISP,NA,pollen,34035,NA,Vascular plants,pollen,Sorbus aria-type,TRSH,1,2
NISP,NA,pollen,34036,NA,Vascular plants,pollen,Sorbus torminalis,TRSH,2,2
NISP,NA,pollen,34037,NA,Vascular plants,pollen,Sorbus group,TRSH,1,2
NISP,NA,pollen,34042,NA,Vascular plants,pollen,Typha angustifolia/Sparganium-type,AQVP,10,50
NISP,NA,pollen,34073,NA,Vascular plants,pollen,Symphytum cf. S. officinale,UPHE,1,7
NISP,NA,pollen,34082,NA,Vascular plants,pollen,Pinus (Tertiary),TRSH,1,1
NISP,NA,pollen,34103,NA,Vascular plants,pollen,Thesium-type,UPHE,1,1
NISP,NA,pollen,34162,NA,Vascular plants,pollen,Tsuga diversifolia-type,TRSH,1,1
NISP,NA,pollen,34163,NA,Vascular plants,pollen,Tsuga-type,TRSH,1,7
NISP,NA,pollen,34171,NA,Vascular plants,pollen,Turgenia latifolia,UPHE,1,1
NISP,NA,pollen,34185,NA,Vascular plants,pollen,Umbilicus rupestris-type,UPHE,1,3
NISP,NA,pollen,34220,NA,Vascular plants,pollen,Valeriana cf. V. officinalis,UPHE,3,16
NISP,NA,pollen,34247,NA,Vascular plants,pollen,Viola canina-type,UPHE,1,1
NISP,NA,pollen,34674,NA,Vascular plants,pollen,Anthemis arvensis-type,UPHE,1,16
NISP,NA,pollen,38081,NA,Vascular plants,pollen,Silene-type undiff.,UPHE,1,1
NISP,NA,pollen,39196,NA,Vascular plants,pollen,Lotus pedunculatus,UPHE,4,18
NISP,NA,pollen,41052,NA,Vascular plants,pollen,cf. Androsace,UPHE,1,2
NISP,NA,pollen,41697,NA,Vascular plants,pollen,Adenostyles alliariae,UPHE,1,1
NISP,NA,pollen,41698,NA,Vascular plants,pollen,Petasites hybridus-type,UPHE,1,2
NISP,NA,pollen,41699,NA,Vascular plants,pollen,Ranunculus acris/R. flammula/R. sceleratus group,UPHE,1,16
NISP,NA,pollen,41700,NA,Vascular plants,pollen,Senecio/Aster,UPHE,1,10
NISP,NA,pollen,41790,NA,Vascular plants,pollen,"Juncus sp. (type 2.2, MI)",AQVP,1,1
NISP,NA,pollen/spore,312,NA,Unidentified palynomorphs,pollen/spore,Indeterminable,UNID,1,26
NISP,NA,pollen/spore,313,NA,Unidentified palynomorphs,pollen/spore,Unknown,UNID,23,667
NISP,NA,pollen/spore,905,NA,Unidentified palynomorphs,pollen/spore,Indeterminable undiff.,UNID,1,51
NISP,NA,pollen/spore,3713,NA,Unidentified palynomorphs,pollen/spore,Varia,UNID,57,2165
NISP,NA,"postabdomen, male",38571,NA,Crustaceans undiff.,"postabdomen, male","Alona rustica (type 72, HdV)",CLAD,1,1
NISP,NA,spermatophore,2186,NA,Crustaceans undiff.,spermatophore,Copepoda,COPE,8,64
NISP,NA,spicule,5133,NA,Sponges,spicule,Porifera,SPNG,1,1
NISP,NA,spore,26,NA,Vascular plants,spore,Athyrium,VACR,2,36
NISP,NA,spore,33,NA,Vascular plants,spore,Botrychium,VACR,44,231
NISP,NA,spore,83,NA,Vascular plants,spore,Dryopteris-type,VACR,20,744
NISP,NA,spore,91,NA,Vascular plants,spore,Equisetum,VACR,74,1686
NISP,NA,spore,115,NA,Fungi,spore,Fungi undiff.,FUNG,3,60
NISP,NA,spore,139,NA,Vascular plants,spore,Isoëtes,AQVP,1,1
NISP,NA,spore,166,NA,Vascular plants,spore,Lycopodiaceae undiff.,VACR,2,3
NISP,NA,spore,167,NA,Vascular plants,spore,Diphasiastrum alpinum,VACR,1,30
NISP,NA,spore,168,NA,Vascular plants,spore,Lycopodium annotinum,VACR,56,370
NISP,NA,spore,170,NA,Vascular plants,spore,Lycopodium clavatum,VACR,44,178
NISP,NA,spore,172,NA,Vascular plants,spore,Lycopodiella inundata,VACR,4,6
NISP,NA,spore,175,NA,Vascular plants,spore,Huperzia selago,VACR,7,19
NISP,NA,spore,184,NA,Unidentified palynomorphs,spore,Unknown (monolete) undiff.,UNID,5,150
NISP,NA,spore,234,NA,Vascular plants,spore,Polypodiaceae,VACR,42,1022
NISP,NA,spore,286,NA,Vascular plants,spore,Selaginella,VACR,3,5
NISP,NA,spore,294,NA,Bryophytes,spore,Sphagnum,AQBR,77,2145
NISP,NA,spore,305,NA,Unidentified palynomorphs,spore,Unknown (trilete) undiff.,UNID,7,60
NISP,NA,spore,313,NA,Unidentified palynomorphs,spore,Unknown,UNID,4,74
NISP,NA,spore,339,NA,Unidentified palynomorphs,spore,Unknown (trilete),UNID,1,5
NISP,NA,spore,348,NA,Unidentified palynomorphs,spore,Unknown (monolete),UNID,14,628
NISP,NA,spore,508,NA,Vascular plants,spore,Ophioglossum,VACR,13,28
NISP,NA,spore,535,NA,Fungi,spore,Fungi,FUNG,6,116
NISP,NA,spore,573,NA,Vascular plants,spore,Athyrium filix-femina,VACR,6,20
NISP,NA,spore,604,NA,Vascular plants,spore,Cystopteris,VACR,1,2
NISP,NA,spore,613,NA,Vascular plants,spore,Dryopteris,VACR,2,67
NISP,NA,spore,648,NA,Vascular plants,spore,Diphasiastrum complanatum,VACR,1,2
NISP,NA,spore,649,NA,Vascular plants,spore,Diphasiastrum alpinum-type,VACR,1,7
NISP,NA,spore,650,NA,Vascular plants,spore,Lycopodium annotinum-type,VACR,5,23
NISP,NA,spore,677,NA,Vascular plants,spore,Pteridophyta,VACR,3,81
NISP,NA,spore,720,NA,Vascular plants,spore,Pteridium aquilinum,VACR,46,517
NISP,NA,spore,750,NA,Vascular plants,spore,Selaginella selaginoides,VACR,19,73
NISP,NA,spore,807,NA,Vascular plants,spore,Pteridium,VACR,22,85
NISP,NA,spore,834,NA,Vascular plants,spore,Dryopteris carthusiana-type,VACR,1,2
NISP,NA,spore,835,NA,Vascular plants,spore,Polypodium,VACR,15,430
NISP,NA,spore,1109,NA,Fungi,spore,Tilletia sphagni,FUNG,12,92
NISP,NA,spore,1125,NA,Vascular plants,spore,Lycopodium clavatum-type,VACR,3,11
NISP,NA,spore,1164,NA,Bryophytes,spore,Bryales,UPBR,40,614
NISP,NA,spore,1167,NA,Bryophytes,spore,Marchantiophyta,UPBR,3,8
NISP,NA,spore,1168,NA,Bryophytes,spore,Bryophyta,UPBR,10,203
NISP,NA,spore,1180,NA,Vascular plants,spore,Lycopodiaceae,VACR,12,95
NISP,NA,spore,1331,NA,Vascular plants,spore,Ophioglossum vulgatum,VACR,2,3
NISP,NA,spore,1343,NA,Bryophytes,spore,Riccia,AQBR,3,3
NISP,NA,spore,1344,NA,Bryophytes,spore,Anthoceros,UPBR,5,17
NISP,NA,spore,1345,NA,Vascular plants,spore,Dryopteris filix-mas-type,VACR,4,8
NISP,NA,spore,1348,NA,Vascular plants,spore,Asplenium,VACR,1,1
NISP,NA,spore,1370,NA,Vascular plants,spore,Thelypteris palustris,VACR,7,60
NISP,NA,spore,1489,NA,Fungi,spore,Sporormiella,FUNG,1,8
NISP,NA,spore,1490,NA,Fungi,spore,Thecaphora,FUNG,4,18
NISP,NA,spore,1615,NA,Vascular plants,spore,Hymenophyllum,VACR,1,3
NISP,NA,spore,1801,NA,Bryophytes,spore,Anthoceros laevis,UPBR,5,12
NISP,NA,spore,1807,NA,Vascular plants,spore,"Pteridophyta (monolete, verrucate)",VACR,2,8
NISP,NA,spore,1890,NA,Vascular plants,spore,Asplenium-type,VACR,1,1
NISP,NA,spore,2194,NA,Fungi,spore,cf. Entophlyctis lobata,FUNG,3,47
NISP,NA,spore,2223,NA,Vascular plants,spore,Lycopodiaceae cf. Diphasiastrum complanatum,VACR,1,2
NISP,NA,spore,2301,NA,Vascular plants,spore,Polypodium vulgare,VACR,30,151
NISP,NA,spore,2343,NA,Unidentified palynomorphs,spore,"Unknown (monolete, psilate)",UNID,2,178
NISP,NA,spore,2613,NA,Vascular plants,spore,Isoëtes lacustris,AQVP,1,2
NISP,NA,spore,2621,NA,Vascular plants,spore,Athyrium-type,VACR,1,1
NISP,NA,spore,2675,NA,Vascular plants,spore,Blechnum,VACR,2,2
NISP,NA,spore,3429,NA,Vascular plants,spore,Thelypteris,VACR,1,3
NISP,NA,spore,3698,NA,Fungi,spore,Microthyrium,FUNG,2,23
NISP,NA,spore,5004,NA,Vascular plants,spore,Gymnocarpium dryopteris,VACR,8,47
NISP,NA,spore,5011,NA,Vascular plants,spore,Lycopodium,VACR,4,8
NISP,NA,spore,5013,NA,Vascular plants,spore,Lycopodium undiff.,VACR,1,1
NISP,NA,spore,5021,NA,Vascular plants,spore,Pilularia,VACR,1,2
NISP,NA,spore,5030,NA,Vascular plants,spore,Pteridophyta (monolete) undiff.,VACR,5,255
NISP,NA,spore,5035,NA,Vascular plants,spore,Phegopteris connectilis,VACR,1,1
NISP,NA,spore,5173,NA,Bryophytes,spore,cf. Riccia,AQBR,1,2
NISP,NA,spore,5174,NA,Bryophytes,spore,Anthoceros laevis-type,UPBR,1,1
NISP,NA,spore,5393,NA,Fungi,spore,Entophlyctis lobata,FUNG,8,59
NISP,NA,spore,5415,NA,Fungi,spore,Diporotheca,FUNG,2,18
NISP,NA,spore,5470,NA,Fungi,spore,Glomus,FUNG,2,13
NISP,NA,spore,5546,NA,Fungi,spore,Microthyrium-type,FUNG,1,7
NISP,NA,spore,5547,NA,Fungi,spore,Sordariaceae,FUNG,1,26
NISP,NA,spore,5559,NA,Vascular plants,spore,Dryopteris dilatata-type,VACR,2,2
NISP,NA,spore,5584,NA,Fungi,spore,Helicoön pluriseptatum,FUNG,3,41
NISP,NA,spore,5778,NA,Vascular plants,spore,"Polypodiophyta (monolete, psilate)",VACR,1,35
NISP,NA,spore,9571,NA,Vascular plants,spore,Phegopteris,VACR,2,2
NISP,NA,spore,9775,NA,Vascular plants,spore,Equisetaceae,VACR,1,1
NISP,NA,spore,15671,NA,Unidentified palynomorphs,spore,Unknown (pre-Quaternary),ANAC,2,25
NISP,NA,spore,23125,NA,Fungi,spore,Meliola,FUNG,1,2
NISP,NA,spore,25917,NA,Fungi,spore,Neurospora,FUNG,1,1
NISP,NA,spore,25930,NA,Fungi,spore,Xylariaceae,FUNG,1,4
NISP,NA,spore,27614,NA,Fungi,spore,Ustulina deusta,FUNG,1,11
NISP,NA,spore,29001,NA,Vascular plants,spore,"Polypodiophyta (monolete, verrucate)",VACR,1,2
NISP,NA,spore,29431,NA,Fungi,spore,Geoglossum sphagnophilum,FUNG,1,15
NISP,NA,spore,30734,NA,Fungi,spore,"Sordaria-type (type 55A, HdV)",FUNG,3,8
NISP,NA,spore,30735,NA,Fungi,spore,"Fungi (type 200, HdV)",FUNG,1,9
NISP,NA,spore,30936,NA,Vascular plants,spore,Adiantum capillus-veneris,VACR,2,2
NISP,NA,spore,31093,NA,Bryophytes,spore,Anthoceros punctatus-type,UPBR,1,1
NISP,NA,spore,31373,NA,Fungi,spore,Byssothecium circinans,FUNG,3,20
NISP,NA,spore,31714,NA,Vascular plants,spore,cf. Diphasiastrum-type,VACR,1,1
NISP,NA,spore,32560,NA,Vascular plants,spore,Cicatricosporites australiensis,PTER,1,1
NISP,NA,spore,32597,NA,Fungi,spore,Coniochaeta cf. C. ligniaria,FUNG,1,13
NISP,NA,spore,32745,NA,Bryophytes,spore,Encalypta-type,UPBR,1,1
NISP,NA,spore,32932,NA,Fungi,spore,Glomus cf. G. fasciculatum,FUNG,1,19
NISP,NA,spore,33986,NA,Vascular plants,spore,Selaginellaceae,VACR,1,1
NISP,NA,spore,34305,NA,Unidentified palynomorphs,spore,"Unknown (type 181, HdV)",UNID,1,4
NISP,NA,spore,34311,NA,Fungi,spore,"Fungi (type 18, HdV)",FUNG,3,47
NISP,NA,spore,34317,NA,Fungi,spore,"Byssothecium circinans (type 16C, HdV)",FUNG,3,38
NISP,NA,spore,34318,NA,Fungi,spore,"Fungi (type 17, HdV)",FUNG,2,11
NISP,NA,spore,34319,NA,Fungi,spore,"Fungi (type 3A, HdV)",FUNG,4,80
NISP,NA,spore,34320,NA,Fungi,spore,"Fungi (type 8E, HdV)",FUNG,2,47
NISP,NA,spore,34321,NA,Fungi,spore,"Fungi (type 83, HdV)",FUNG,3,79
NISP,NA,spore,34322,NA,Fungi,spore,"Fungi (type 90, HdV)",FUNG,4,141
NISP,NA,spore,34323,NA,Fungi,spore,"Fungi (type 571, HdV)",FUNG,2,2
NISP,NA,spore,34324,NA,Fungi,spore,"cf. Endophragmia (type 572, HdV)",FUNG,2,18
NISP,NA,spore,34385,NA,Fungi,spore,"Fungi (type 23, HdV)",FUNG,2,5
NISP,NA,spore,34413,NA,Bryophytes,spore,Aspiromitus punctatus,UPBR,13,38
NISP,NA,spore,34567,NA,Fungi,spore,"Fungi (type 73, HdV)",FUNG,1,10
NISP,NA,spore,34623,NA,Fungi,spore,"Byssothecium circinans (type 16B, HdV)",FUNG,1,1
NISP,NA,spore,34627,NA,Fungi,spore,"Fungi (type 53, HdV)",FUNG,1,34
NISP,NA,spore,34628,NA,Fungi,spore,"Sordariaceae/Sordaria (type 55B, HdV)",FUNG,1,2
NISP,NA,spore,34631,NA,Fungi,spore,"Geoglossum sphagnophilum (type 77A, HdV)",FUNG,2,21
NISP,NA,spore,34634,NA,Fungi,spore,"cf. Spadicoides bina (type 98, HdV)",FUNG,1,1
NISP,NA,spore,34771,NA,Fungi,spore,Delitschia,FUNG,1,1
NISP,NA,spore,34842,NA,Fungi,spore,"Fungi (type 65, HdV)",FUNG,1,1
NISP,NA,spore,34868,NA,Fungi,spore,"Brachysporium obovatum/B. bloxami/Bactrodesmium betulicola (type 359, HdV)",FUNG,1,2
NISP,NA,spore,34871,NA,Fungi,spore,"Helicosporium/Helicoön pluriseptatum (type 30, HdV)",FUNG,1,20
NISP,NA,spore,34881,NA,Fungi,spore,"Fungi (type 173, HdV)",FUNG,1,1
NISP,NA,spore,34917,NA,Fungi,spore,"Fungi (type 20, HdV)",FUNG,2,4
NISP,NA,spore,37337,NA,Fungi,spore,"Fungi (type 729, HdV)",FUNG,1,7
NISP,NA,spore,37341,NA,Fungi,spore,"Podospora sp./Zopfiella sp. (type 466, HdV)",FUNG,1,6
NISP,NA,spore,37343,NA,Fungi,spore,Fungi (type 778. HdV),FUNG,1,1
NISP,NA,spore,37357,NA,Fungi,spore,"Brachysporium pendulisporum (type 360, HdV)",FUNG,1,1
NISP,NA,spore,37359,NA,Fungi,spore,"Byssothecium circinans (type 16A, HdV)",FUNG,1,3
NISP,NA,spore,37394,NA,Fungi,spore,"Sporormiella (type 113, HdV)",FUNG,1,10
NISP,NA,spore,37551,NA,Fungi,spore,"cf. Actinopeltis (type 8C, HdV)",FUNG,1,12
NISP,NA,spore,38263,NA,Algae,spore,"Algae (type 209, HdV)",ALGA,1,1
NISP,NA,spore,38524,NA,Fungi,spore,"Ustulina deusta (type 44, HdV)",FUNG,1,23
NISP,NA,spore,38542,NA,Fungi,spore,"Tilletia sphagni (type 27, HdV)",FUNG,1,28
NISP,NA,spore,38559,NA,Fungi,spore,"Pleospora sp. (type 3B, HdV)",FUNG,1,2
NISP,NA,spore,38563,NA,Fungi,spore,"Lasiosphaeria sp. (type 63C, HdV)",FUNG,1,2
NISP,NA,spore,38575,NA,Fungi,spore,Entorrhiza sp. (type HdV-527),FUNG,1,3
NISP,NA,spore,38580,NA,Fungi,spore,"Fungi (type 123, HdV)",FUNG,1,2
NISP,NA,spore,38584,NA,Unidentified palynomorphs,spore,"Unknown (type 708, HdV)",UNID,1,8
NISP,NA,spore,38620,NA,Fungi,spore,"Clasterosporium caricinum (type 126, HdV)",FUNG,1,37
NISP,NA,spore,38621,NA,Fungi,spore,"Coniochaeta ligniaria (type 172, HdV)",FUNG,1,9
NISP,NA,spore,38626,NA,Fungi,spore,"cf. Richonia variospora (type 140, HdV)",FUNG,2,15
NISP,NA,spore,41780,NA,Fungi,spore,"Fungi (type 404, HdV)",FUNG,1,1
NISP,NA,spore,41792,NA,Fungi,spore,"Gelasinospora (type 1A, HdV)",FUNG,1,5
NISP,NA,spore,41793,NA,Fungi,spore,"Gelasinospora (type 1B, HdV)",FUNG,1,1
NISP,NA,sporocarp,9995,NA,Fungi,sporocarp,Microthyriaceae,FUNG,7,78
NISP,NA,stomate,210,NA,Vascular plants,stomate,Picea,TRSH,4,34
NISP,NA,stomate,385,NA,Vascular plants,stomate,Pinus,TRSH,2,30
NISP,NA,test,559,NA,Testate amoebae,test,Amphitrema,TEAM,5,119
NISP,NA,test,561,NA,Testate amoebae,test,Amphitrema wrightianum,TEAM,5,18
NISP,NA,test,570,NA,Testate amoebae,test,Assulina,TEAM,6,30
NISP,NA,test,571,NA,Testate amoebae,test,Assulina muscorum,TEAM,7,189
NISP,NA,test,572,NA,Testate amoebae,test,Assulina seminulum,TEAM,3,51
NISP,NA,test,608,NA,Testate amoebae,test,Difflugia,TEAM,1,2
NISP,NA,test,619,NA,Testate amoebae,test,Euglypha,TEAM,8,66
NISP,NA,test,626,NA,Testate amoebae,test,Hyalosphenia papilio,TEAM,1,2
NISP,NA,test,1189,NA,Testate amoebae,test,Arcella,TEAM,14,79
NISP,NA,test,1191,NA,Testate amoebae,test,Centropyxis,TEAM,1,2
NISP,NA,test,1194,NA,Testate amoebae,test,Hyalosphenia subflava,TEAM,5,12
NISP,NA,test,1195,NA,Testate amoebae,test,Nebela,TEAM,5,8
NISP,NA,test,1223,NA,Testate amoebae,test,Amphitrema undiff.,TEAM,1,1
NISP,NA,test,2187,NA,Testate amoebae,test,Centropyxis aculeata,TEAM,1,1
NISP,NA,test,2190,NA,Testate amoebae,test,Arcella discoides,TEAM,2,6
NISP,NA,test,5389,NA,Testate amoebae,test,Rhizopoda undiff.,TEAM,5,31
NISP,NA,test,5405,NA,Testate amoebae,test,Nebela undiff.,TEAM,1,1
NISP,NA,test,5567,NA,Testate amoebae,test,Nebela parvula,TEAM,1,1
NISP,NA,test,28043,NA,Testate amoebae,test,Archerella flavum,TEAM,20,190
NISP,NA,test,30985,NA,Testate amoebae,test,Amphitrema sp.,TEAM,1,2
NISP,NA,test,31199,NA,Testate amoebae,test,Arcella cf. A. megastoma,TEAM,1,2
NISP,NA,test,31200,NA,Testate amoebae,test,Arcella sp.,TEAM,2,5
NISP,NA,test,31208,NA,Testate amoebae,test,Assulina sp.,TEAM,2,31
NISP,NA,test,32184,NA,Testate amoebae,test,Rhizopoda,TEAM,4,26
NISP,NA,test,33663,NA,Testate amoebae,test,Pyxidicula,TEAM,1,2
NISP,NA,trichoblast,673,NA,Vascular plants,trichoblast,Nymphaeaceae,AQVP,5,86
NISP,NA,unspecified,18282,NA,Insects,unspecified,Lepidoptera,LEPI,1,1
NISP,NA,valve,5397,NA,Diatoms,valve,Pinnularia,DIAT,1,2
NISP,NA,valve,27180,NA,Diatoms,valve,Eunotia sp.,DIAT,1,1
NISP,NA,zygospore,1488,NA,Algae,zygospore,Spirogyra,ALGA,1,9
NISP,NA,zygospore,1704,NA,Algae,zygospore,Zygnemataceae,ALGA,1,1
NISP,NA,zygospore,30518,NA,Algae,zygospore,Spirogyra cf. S. scrobiculata,ALGA,1,3
NISP,NA,zygospore/aplanospore,41702,NA,Algae,zygospore/aplanospore,"Transeauina (type 214, HdV)",ALGA,1,1
number,NA,<20 µm,1062,NA,Charcoal,<20 µm,Charcoal,CHAR,1,80
number,NA,>100 µm,1062,NA,Charcoal,>100 µm,Charcoal,CHAR,1,80
number,NA,>50 µm,1062,NA,Charcoal,>50 µm,Charcoal,CHAR,1,80
number,NA,20-50 µm,1062,NA,Charcoal,20-50 µm,Charcoal,CHAR,1,80
number,NA,batch number,930,NA,Laboratory analyses,batch number,Lycopodium tablets,LABO,1,80
number,NA,counted,932,NA,Laboratory analyses,counted,Lycopodium spike,LABO,8,546
number,NA,fragment,1062,NA,Charcoal,fragment,Charcoal,CHAR,2,96
number,NA,quantity added,930,NA,Laboratory analyses,quantity added,Lycopodium tablets,LABO,5,315
number,NA,quantity added,932,NA,Laboratory analyses,quantity added,Lycopodium spike,LABO,1,53
number×1000,NA,fragment,1062,NA,Charcoal,fragment,Charcoal,CHAR,5,311
